tanggal,judul,isi_berita,link
2026/05/10 21:15:55,VIDEO: Ribuan Siswa Berebut Beasiswa Gratis di Trenggalek,"Ribuan pelajar tingkat menengah atas di Kabupaten Trenggalek, Jawa Timur memadati gelaran EBY Edu Fair 2026 di Aula Jabal Noor untuk mendapatkan beasiswa gratis bagi yang ingin melanjutkan jenjang berikutnya ke perguruan tinggi.",https://www.cnnindonesia.com/tv/20260510204155-410-1357217/video-ribuan-siswa-berebut-beasiswa-gratis-di-trenggalek
2026/05/07 22:13:14,Densus 88 Ingatkan Ancaman Penyebaran Paham Radikal di Kampus,"Detasemen Khusus (Densus) 88 Antiteror Polribekerja sama dengan kampus untuk mencegah penyebaran paham radikalisme dan intoleransi di kelompok remaja dan pelajar. Salah satu kerjasama yang dilakukan Densus 88 yakni dengan kegiatan Dialog Kebangsaan yang digelar di kampus Stain Majene, Sulawesi Barat, Kamis (7/5). Kepala Satgas Wilayah Densus 88 Sulawesi Barat AKBP Soffan Ansyari menyebut perguruan tinggi memiliki peran strategis untuk menanamkan ideologi kebangsaan serta mencegah berkembangnya paham intoleransi, radikalisme, dan terorisme di kalangan generasi muda. Ia menekankan pencegahan penyebaran paham terorisme memerlukan upaya bersama seluruh elemen masyarakat agar tidak ada celah sedikitpun yang bisa dimanfaatkan pelaku teror. Menurutnya kewaspadaan terhadap penyebaran paham intoleran dan radikal harus terus diperkuat. Salah satu caranya yakni melalui edukasi di lingkungan pendidikan. ""Pentingnya sinergi seluruh elemen masyarakat dalam memperkuat nilai kebangsaan, toleransi, dan kewaspadaan terhadap penyebaran paham intoleran, radikal, dan terorisme guna menjaga stabilitas keamanan dan persatuan bangsa,"" tuturnya. Dalam kesempatan yang sama, Kasubdit Kontra Radikal Direktorat Pencegahan Densus 88 Antiteror Polri Kompol Ridjoko Suseno memaparkan perkembangan paham radikalisme serta pentingnya langkah pencegahan sejak dini, terutama di ruang digital dan lingkungan birokrasi. Lewat dialog tersebut, kata dia, diharapkan dapat membangun kesadaran kolektif masyarakat di mahasiswa agar dapat menjadi agen perdamaian dan persatuan ""Serta berperan aktif dalam upaya pencegahan dan deteksi dini terhadap penyebaran paham intoleran, radikal, dan terorism,"" jelasnya. Sementara itu, Sekretaris Provinsi Sulawesi Barat Junda Maulana mengapresiasi kegiatan dialog itu sebagai bentuk sinergi antara pemerintah daerah, aparat keamanan, dan institusi pendidikan dalam memperkuat nilai kebangsaan. ""Kegiatan ini merupakan bentuk sinergi positif antara pemerintah daerah, aparat, dan institusi pendidikan dalam memperkuat nilai-nilai kebangsaan serta pencegahan paham intoleransi, radikalisme, dan terorisme,"" ujarnya. Kegiatan dialog yang dihadiri 300 mahasiswa itu diisi sesi diskusi interaktif dengan narasumber mengenai ancaman penyebaran paham terorisme di tengah perkembangan teknologi dan media digital.",https://www.cnnindonesia.com/nasional/20260507173015-12-1356247/densus-88-ingatkan-ancaman-penyebaran-paham-radikal-di-kampus
2026/05/01 02:00:02,DPR Desak Kampus Nonaktifkan Dosen Penasehat Yayasan Daycare Aresha,"Wakil Ketua Komisi X DPR RI, MY Esti Wijayantimeminta kampus menonaktifkan dosen yang menjadi penasehat yayasan tempat penitipan anak atauDaycare Little Areshadi Umbulharjo, Kota Yogyakarta. Menurutnya, langkah itu harus diambil sebagai langkah antisipasi jika yang bersangkutan terbukti terlibat dalam kasus kekerasan di Daycare Little Aresha, karena akan ada proses hukum yang dijalani. ""Akan lebih baik secepat mungkin dinonaktifkan kalau memang tersangka, tapi tentu saja ada proses hukum,"" kata Esti dalam keterangan tertulis, Kamis (30/4). Esti mengatakan tenaga pendidik maupun tokoh yang terlibat dalam kasus kekerasan seharusnya mendapat tambahan hukuman. ""Hukuman sanksi terhadap tenaga pendidik maupun tokoh berpengaruh bisa tiga kali lipat dari sanksi yang diberikan kepada umum yang tidak paham,"" katanya. ""Jika memang ada keterlibatan dosen atau tenaga pendidik di balik kasus ini, kami akan lakukan pembahasan di Komisi X DPR,"" imbuh dia. Esti mengatakan penanganan kasus kekerasan Daycare Little Aresha tidak boleh berhenti pada proses hukum semata, tetapi juga harus memastikan pemulihan korban secara menyeluruh. ""Korban mengalami kekerasan fisik maupun mental yang cukup serius. Bahkan ada yang sudah sangat nampak dampak traumanya. Termasuk secara fisik ada dampak pada korban yang tidak tumbuh kembangnya tidak sesuai,"" kata dia. Esti mengaku menerima pengaduan dari para orang tua korban pada Rabu (29/4). Sejumlah orang tua korban menyampaikan langsung kondisi anak-anak mereka. Banyak anak dilaporkan mengalami gangguan kesehatan seperti pneumonia, bronkitis, infeksi kulit (gatal), infeksi saluran kemih (ISK), hingga stunting dan keterlambatan tumbuh kembang. ""Kondisi ini diduga akibat selama berada di daycare anak-anak tidak mendapatkan asupan gizi yang memadai, mengalami dehidrasi, serta ditempatkan di ruang yang lembap, sempit, dan tidak layak,"" kata Esti. Menurut Esti, para orang tua pun berharap agar seluruh video yang beredar di media sosial dapat segera diturunkan (take down). ""Karena dinilai sangat mengganggu kondisi psikologis orang tua maupun mental anak-anak. Sebab tidak sedikit respons dari publik yang justru memperparah keadaan melalui perundungan di ruang digital,"" kata dia. Universitas Gadjah Mada (UGM) sebelumnya membenarkan penasehat yayasan tempat penitipan anak atau Daycare Little Aresha di Umbulharjo, Kota Yogyakarta yakni Cahyaningrum Dewojati merupakan salah satu dosen aktif di kampusnya. Nama dan foto Cahyaningrum sebagai penasehat Little Aresha sebelumnya tersebar di media sosial. ""Terkait dengan informasi yang menyebutkan bahwa Penasihat Yayasan Daycare Little Aresha Yogyakarta merupakan salah satu dosen di perguruan tinggi kami, dapat kami sampaikan bahwa yang bersangkutan benar merupakan dosen aktif yang terlibat dalam pengelolaan daycare tersebut dalam kapasitas pribadi,"" kata Juru Bicara UGM, I Made Andi Arsana dalam keterangannya, Senin (27/4). Oleh karenanya, Made Andi bilang, UGM sebagai institusi tidak memiliki relasi apa pun dengan Yayasan Daycare Little Aresha. Polisi pun telah menetapkan 13 orang sebagai tersangka dalam dugaan tindak kekerasan di tempat penitipan anak atau daycare Little Aresha. ""Menetapkan 13 orang tersangka sementara, terdiri dari satu kepala yayasan, satu kepala sekolah, dan sebelas orang pengasuh,"" kataKapolresta Yogyakarta, Kombes Eva Guna Pandia.",https://www.cnnindonesia.com/nasional/20260430134238-20-1353808/dpr-desak-kampus-nonaktifkan-dosen-penasehat-yayasan-daycare-aresha
2026/04/18 02:00:25,KPK Beri Lima Rekomendasi untuk Perbaikan KIP Kuliah,"Komisi Pemberantasan Korupsi (KPK)memberikan lima rekomendasi untuk perbaikan programKartu Indonesia Pintar (KIP) Kuliahsetelah melakukan kajian terhadap potensi korupsi dalam pelaksanaannya. Rekomendasi tersebut tercantum dalam Lampiran Laporan Tahunan 2025 Direktorat Monitoring KPK yang diakses di Jakarta, Jumat (17/4). KPK merekomendasikan reformasi regulasi dan tata kelola jalur usulan masyarakat, penyusunan pedoman verifikasi disertai alokasi anggaran khusus, pembaruan arsitektur teknologi aplikasi Sistem Informasi Manajemen KIP Kuliah, penguatan koordinasi untuk mencegah duplikasi bantuan, serta penerapan mekanisme pengawasan berlapis dengan sanksi tegas. Rekomendasi tersebut disusun setelah KPK menemukan sejumlah potensi kerawanan dalam pengelolaan program, termasuk konflik kepentingan pada 11 dari 16 perguruan tinggi swasta (PTS) yang menjadi sampel kajian. Dalam temuan tersebut, penerima kuota jalur usulan masyarakat banyak terafiliasi dengan pejabat publik atau entitas politik. Selain itu, alokasi kuota juga diberikan kepada institusi pengawas seperti Badan Pemeriksa Keuangan (BPK) yang dinilai berpotensi menimbulkan kerentanan. KPK juga menemukan lemahnya proses verifikasi dan validasi. Hanya sekitar 50 persen perguruan tinggi sampel yang melakukan kunjungan lapangan, sementara terdapat perguruan tinggi yang hanya memeriksa berkas tanpa wawancara maupun verifikasi langsung. Selain itu, sebanyak 11 dari 15 perguruan tinggi yang bermasalah pada periode 2020-2023 masih menerima kuota KIP Kuliah jalur usulan masyarakat pada 2024. Hal ini menunjukkan sistem sanksi belum memberikan efek jera. KPK juga mengidentifikasi potensi praktik suap dalam pengalokasian kuota, di mana terdapat perguruan tinggi yang mengaku menerima tawaran alokasi dengan imbalan Rp5 juta hingga Rp8 juta per mahasiswa. Temuan lainnya adalah adanya duplikasi bantuan, yakni penerima KIP Kuliah yang juga menerima beasiswa lain. Kondisi ini sejalan dengan temuan Badan Pemeriksa Keuangan pada 2021 terkait duplikasi bantuan di sejumlah daerah. KPK menilai perbaikan tata kelola dan pengawasan diperlukan agar program KIP Kuliah dapat berjalan lebih akuntabel dan tepat sasaran.",https://www.cnnindonesia.com/nasional/20260417193507-12-1349286/kpk-beri-lima-rekomendasi-untuk-perbaikan-kip-kuliah
2026/02/26 15:10:55,LPDP Jajaki Kerja Sama dengan Danantara untuk Serap Alumni,"Lembaga Pengelola Dana Pendidikan (LPDP) membuka peluang kerja sama dengan BPIDanantaraguna memperkuat ekosistem talenta, serta mendorong penciptaan lapangan kerja bagi alumni penerima beasiswa. Direktur LPDP Sudarto mengatakan pihaknya tengah berdiskusi dengan berbagai pihak termasuk Danantara dan industri perbankan, untuk mendukung penempatanawardeeLPDP di sektor-sektor strategis. ""Yang BPI Danantara kita sedang diskusi terus, tapi individu misalnya kami bekerja sama dengan beberapa bank,"" ujar Sudarto dalam mediabriefing, Kamis (26/2). Sudarto menjelaskan sebagian besar alumni LPDP saat ini telah bekerja di berbagai sektor, termasuk di perusahaan tambang besar. Meski demikian, LPDP melihat peluang kolaborasi lebih lanjut melalui skemapro hireatau perekrutan langsung talenta unggulan sesuai kebutuhan industri. ""Rata-rata banyak teman-teman LPDP itu sebenarnya sudah bekerja. Bekerja di perusahaan tambang yang top itu kan bisa pro hire sebenarnya. Beberapa bank sudah bekerja sama dengan kami, dan ini sedang kami diskusikan,"" ujarnya. Menurut Sudarto, pembahasan kerja sama tersebut merupakan bagian dari upaya membangun ekosistem talenta nasional yang terintegrasi, mulai dari pendidikan hingga penyerapan tenaga kerja. LPDP, kata dia, terus berkoordinasi dengan industri dan pemerintah daerah untuk memastikan lulusan penerima beasiswa dapat terserap dan berkontribusi di sektor-sektor prioritas. ""Makanya kita bicara ekosistem itu yang terus kami bicarakan, kami koordinasikan, kami kerjasamakan saat ini dengan industri, termasuk dengan daerah-daerah, agar ekosistem itu terbangun,"" tegasnya. [Gambas:Video CNN]",https://www.cnnindonesia.com/ekonomi/20260226132802-532-1332068/lpdp-jajaki-kerja-sama-dengan-danantara-untuk-serap-alumni
2026/02/26 14:41:52,LPDP Ungkap Separuh Pelanggar Beasiswa Kembalikan Dana ke Kas Negara,"Lembaga Pengelola Dana Pendidikan (LPDP) mengungkap empat dari delapan alumni penerima beasiswa yang dijatuhi sanksi telah melunasi kewajiban pengembalian dana pendidikan kekas negara. Direktur Utama LPDP Sudarto mengatakan delapan alumni tersebut terbukti tidak menjalankan kewajiban pengabdian di Indonesia setelah menyelesaikan studi. ""Empat orang sudah lunas langsung ke kas negara, sisanya masih mencicil,"" ujar Sudarto. Sudarto menjelaskan empat alumni lainnya saat ini masih dalam proses pengembalian dana secara bertahap sesuai mekanisme yang ditetapkan. LPDP sebelumnya menjatuhkan sanksi pengembalian dana penuh kepada delapan alumni tersebut, karena dinilai tidak memenuhi kewajiban kontribusi atau bekerja di Indonesia setelah lulus. Selain kewajiban pengembalian dana, alumni yang terbukti melanggar juga dikenakan sanksi pemblokiran ataublacklistuntuk seluruh program LPDP di masa mendatang. Secara keseluruhan, LPDP telah melakukan evaluasi terhadap ratusan penerima beasiswa. Saat ini, terdapat 36 alumni yang masih dalam proses pemeriksaan terkait dugaan pelanggaran kewajiban. ""Masih dalam proses pemeriksaan ada 36 orang terkait dugaan pelanggaran,"" kata Sudarto. Hingga akhir Januari 2026, tercatat 32.876 orang telah menyelesaikan studi melalui program beasiswa LPDP. Sementara itu, 307 alumni tercatat memperoleh izin resmi untuk mengikuti program magang atau melanjutkan studi di luar negeri. Selain itu, 172 alumni bekerja di lembaga internasional seperti Perserikatan Bangsa-Bangsa (PBB), Bank Dunia, dan Asian Development Bank (ADB) sesuai ketentuan yang berlaku. Sudarto menegaskan setiap kasus diproses secara objektif dan proporsional dengan mempertimbangkan fakta serta konteks masing-masing penerima beasiswa. [Gambas:Video CNN]",https://www.cnnindonesia.com/ekonomi/20260226124235-532-1332031/lpdp-ungkap-separuh-pelanggar-beasiswa-kembalikan-dana-ke-kas-negara
2026/02/24 12:09:55,"LPDP Usut 44 Penerima Beasiswa Belum Kembali ke RI, 8 Sudah Dihukum","Lembaga Pengelola Dana Pendidikan (LPDP) Sudarto mengungkapkan tengah menyelidiki lebih dari 600 penerimabeasiswa(awardee) yang belum kembali ke Indonesia untuk menjalankan kewajiban pengabdian sesuai ketentuan. Direktur LPDP Sudarto menyebut dari penyelidikan itu, sebanyak 44 orang penerima beasiswa diduga mangkir dari kewajiban kembali ke Indonesia. Rinciannya, delapan orang telah dijatuhi sanksi, sementara 36 lainnya masih dalam proses pemeriksaan. ""Kami sudah melakukan penelitian lebih dari 600 dan dari jumlah tersebut, yang sudah ditetapkan sanksi termasuk pengembalian itu delapan orang, 36 lagi sedang dalam proses,"" ujar Sudarto dalam konferensi pers APBN KiTa, Senin (23/2). Sudarto menjelaskan, data terkait awardee yang tidak mengabdi diperoleh dari berbagai sumber. Salah satunya melalui data perlintasan keimigrasian yang diakses LPDP dari Direktorat Jenderal Imigrasi. Selain itu, LPDP juga menerima laporan dari masyarakat serta memantau aktivitas media sosial para penerima beasiswa. Informasi tersebut kemudian diverifikasi lebih lanjut sebelum ditindaklanjuti. ""Terkait data,awardeeyang tidak mengabdi sesuai dengan kewajiban, LPDP dapat data tersebut berdasarkan perlintasan keimigrasian akses dari Dirjen Imigrasi. Kemudian juga dari laporan masyarakat kepada kami dan tentunya dari media sosialawardeeLPDP tersebut,"" katanya. Ia menegaskan tidak semua laporan langsung berujung pada pelanggaran. Dalam sejumlah kasus,awardeediketahui masih dalam masa magang atau membangun usaha di luar negeri, yang memang diperbolehkan selama dua tahun sesuai buku pedoman penerima beasiswa. ""Memang dari laporan-laporan tersebut misalnya terdapat masih dalam masa magang, di mana LPDP memang memberikan kesempatan magang dan bangun usaha selama dua tahun di luar negeri sebagaimana ada di buku pedoman penerima beasiswa,"" jelasnya. Sudarto menambahkan, ada pulaawardeeyang telah menyelesaikan masa pengabdian atau mendapatkan penugasan resmi dari instansi tempatnya bekerja. Karena itu, setiap laporan diproses secara objektif dan profesional. ""Setiap kasus kami akan proses secara objektif dan profesional. Kami terus menjaga amanah publik, bahwa ini ada dana publik untuk memberikan manfaat sebesar-besarnya,"" ujarnya. Terkait sanksi, Sudarto menegaskan seluruhawardeetelah memahami konsekuensi yang tercantum dalam perjanjian. Sanksi dapat berupa kewajiban pengembalian dana beserta bunga hingga pemblokiran untuk mengikuti program LPDP selanjutnya. ""Adapun sanksi, pengembalian dana termasuk bunga dan pemblokiran untuk mengikuti kegiatan selanjutnya,"" pungkasnya. [Gambas:Video CNN]",https://www.cnnindonesia.com/ekonomi/20260224110949-532-1331158/lpdp-usut-44-penerima-beasiswa-belum-kembali-ke-ri-8-sudah-dihukum
2026/02/23 14:36:35,LPDP Periksa Suami DS Buntut Konten Bangga Anak Dapat Paspor Inggris,"Lembaga Pengelola Dana Pendidikan (LPDP) tengah melakukan pendalaman internal kepada alumnus LPDP yang merupakan suami DS, yakni AP buntut ramai konten di media sosial yang memamerkan anaknya berhasil memperoleh pasporInggris. Hal ini dilakukan lantaran AP diduga belum menyelesaikan kewajiban kontribusinya setelah menamatkan studi. ""LPDP akan melakukan pemanggilan kepada AP untuk meminta klarifikasi, serta akan melakukan proses penindakan dan pengenaan sanksi sampai pengembalian seluruh dana beasiswa apabila terbukti bahwa kewajiban berkontribusi di Indonesia belum dipenuhi,"" tulis LPDP dalam unggahan di media sosial X @LPDP_RI, Jumat (20/2). Adapun LPDP menyayangkan sikap alumnus LPDP tersebut lantaran tidak mencerminkan nilai yang telah ditanamkan LPDP kepada seluruh penerima beasiswa. ""LPDP menyayangkan terjadinya polemik di media sosial yang dipicu oleh tindakan salah satu alumni, Saudari DS. Tindakan tersebut tidak mencerminkan nilai integritas, etika, dan profesionalisme yang ditanamkan LPDP kepada seluruh penerima beasiswa,"" imbuhnya. Sementara itu, lembaga menjelaskan berdasarkan ketentuan seluruhawardeedan alumni LPDP berkewajiban untuk melakukan masa pengabdian kontribusi di Indonesia selama 2 kali masa studi ditambah 1 tahun. ""Dalam kasus Saudari DS yang menempuh studi selama dua tahun, kewajiban kontribusi tersebut adalah lima tahun,"" jelas lembaga. LPDP menerangkan DS telah menyelesaikan studi S2 dengan dinyatakan lulus pada 31 Agustus 2017 dan telah menuntaskan seluruh masa pengabdian sesuai ketentuan. Dengan begitu, LPDP tak lagi mempunyai ikatan hukum dengan yang bersangkutan. Ke depannya, LPDP berkomitmen untuk menegakkan aturan secara adil, konsisten, dan bertanggung jawab kepada seluruhawardeedan alumni. Selain itu, LPDP juga akan terus menjaga integritas institusi dalam memberikan manfaat sebesar-besarnya bagi Indonesia. Sebelumnya, seorang warga negara Indonesia (WNI) alumnus beasiswa negara LPDP menyampaikan permohonan maaf secara terbuka atas pernyataan kontroversialnya di media sosial. Pemilik akun @sasetyaningtyas mengunggah postingan pernyataan dan permohonan maaf setelah pernyataannya ""cukup saya saja yang WNI, anak-anak saya jangan"", jadi sorotan warganet. ""Saya menyampaikan permohonan maaf secara terbuka kepada seluruh masyarakat yang merasa tersakiti, tersinggung, maupun tidak nyaman atas pernyataan tersebut,"" tulisnya. [Gambas:Video CNN]",https://www.cnnindonesia.com/ekonomi/20260223134646-532-1330851/lpdp-periksa-suami-ds-buntut-konten-bangga-anak-dapat-paspor-inggris
2026/02/21 06:53:20,"Buntut Viral, LPDP Sebut Suami Alumnus Terancam Balikkan Dana Beasiswa","Lembaga Pengelola DanaPendidikan(LPDP) mengungkapkan potensi pengembalian dana dari alumnus berinisial DS karena diduga belum menyelesaikan kewajiban kontribusinya. Hal ini menyusul ramainya postingan di media sosial terkait alumnus yang memamerkan anaknya karena berhasil memperoleh paspor Inggris. Menindaklanjuti postingan viral tersebut, LPDP dalam unggahannya di media sosialXdengan akun @LPDP_RI berencana untuk melakukan pendalaman lebih lanjut, Jumat (20/2). Melalui unggahan tersebut, LPDP juga menyayangkan sikap pasangan alumnus LPDP tersebut, lantaran tidak mencerminkan nilai yang telah ditanamkan LPDP kepada seluruh penerima beasiswa. LPDP mengungkapkan bahwa suami DS, yakni AP yang juga menjadi perhatian publik diduga belum menyelesaikan kewajiban kontribusinya setelah menamatkan studi. Selanjutnya, LPDP tengah melakukan pendalaman internal terkait dugaan tersebut. ""LPDP akan melakukan pemanggilan kepada AP untuk meminta klarifikasi, serta akan melakukan proses penindakan dan pengenaan sanksi sampai pengembalian seluruh dana beasiswa apabila terbukti bahwa kewajiban berkontribusi di Indonesia belum dipenuhi,"" jelas LPDP dalam akun medsosnya. Lembaga di bawah naungan Kementerian Keuangan tersebut menjelaskan bahwa sesuai ketentuan, seluruhawardeedan alumni LPDP memiliki kewajiban untuk melaksanakan masa pengabdian berkontribusi di Indonesia selama 2 kali masa studi ditambah 1 tahun. ""Dalam kasus Saudari DS (istri AP) yang menempuh studi selama dua tahun, kewajiban kontribusi tersebut adalah lima tahun,"" jelas LPDP. LPDP menjelaskan kalau DS telah menyelesaikan studi S2 dan dinyatakan lulus pada 31 Agustus 2017, serta telah menuntaskan seluruh masa pengabdian sesuai ketentuan. Dengan demikian, LPDP tidak lagi memiliki perikatan hukum dengan yang bersangkutan. Meskipun demikian, LPDP akan tetap berkomunikasi dengan DS dan mengimbau agar bersangkutan lebih bijak dalam menggunakan media sosial, memperhatikan sensitivitas publik, serta memahamkan kembali bahwa penerima beasiswa LPDP mempunyai kewajiban kebangsaan untuk mengabdi pada negeri. ""LPDP menyayangkan terjadinya polemik di media sosial yang dipicu oleh tindakan salah satu alumni, Saudari DS. Tindakan tersebut tidak mencerminkan nilai integritas, etika, dan profesionalisme yang ditanamkan LPDP kepada seluruh penerima beasiswa,"" tulis LPDP, Jumat (20/2). Ke depan, LPDP berkomitmen untuk menegakkan aturan secara adil, konsisten, dan bertanggung jawab kepada seluruhawardeedan alumni. LPDPakan terus menjaga integritas institusi dalam memberikan manfaat sebesar-besarnya bagi Indonesia. Sebelumnya, seorang warga negara Indonesia (WNI) alumnus beasiswa negara LPDP menyampaikan permohonan maaf secara terbuka atas pernyataan kontroversialnya di media sosial. Pemilik akun @sasetyaningtyas mengunggah postingan pernyataan dan permohonan maaf setelah pernyataannya ""cukup saya saja yang WNI, anak-anak saya jangan"", jadi sorotan warganet. ""Saya menyampaikan permohonan maaf secara terbuka kepada seluruh masyarakat yang merasa tersakiti, tersinggung, maupun tidak nyaman atas pernyataan tersebut,"" tulisnya. [Gambas:Video CNN]",https://www.cnnindonesia.com/ekonomi/20260221063234-532-1330236/buntut-viral-lpdp-sebut-suami-alumnus-terancam-balikkan-dana-beasiswa
2026/02/21 06:20:15,LPDP Respons Alumni Bangga Anaknya Jadi WNA,"Lembaga Pengelola DanaPendidikan(LPDP) merespons ramainya postingan di media sosial terkait alumnus yang memamerkan anaknya karena berhasil memperoleh pasporInggris. Pernyataan tersebut diunggah di media sosialXdengan akun @LPDP_RI pada Jumat (20/2). Melalui unggahan tersebut, LPDP menanggapi isu Awardee LPDP Bangga Anak Menjadi WNA. Dalam hal ini, pihak lembaga menyayangkan sikap alumnus LPDP tersebut, lantaran tidak mencerminkan nilai yang telah ditanamkan LPDP kepada seluruh penerima beasiswa. ""LPDP menyayangkan terjadinya polemik di media sosial yang dipicu oleh tindakan salah satu alumni, Saudari DS. Tindakan tersebut tidak mencerminkan nilai integritas, etika, dan profesionalisme yang ditanamkan LPDP kepada seluruh penerima beasiswa,"" tulis LPDP, Jumat (20/2). Selanjutnya, lembaga menyebutkan bahwa sesuai ketentuan, seluruhawardeedan alumni LPDP memiliki kewajiban untuk melaksanakan masa pengabdian berkontribusi di Indonesia selama 2 kali masa studi ditambah 1 tahun. ""Dalam kasus Saudari DS yang menempuh studi selama dua tahun, kewajiban kontribusi tersebut adalah lima tahun,"" jelas LPDP. LPDP menjelaskan kalau DS telah menyelesaikan studi S2 dan dinyatakan lulus pada 31 Agustus 2017, serta telah menuntaskan seluruh masa pengabdian sesuai ketentuan. Dengan demikian, LPDP tidak lagi memiliki perikatan hukum dengan yang bersangkutan. Meskipun demikian, LPDP akan tetap berupaya mengkomunikasikan kepada DS untuk mengimbau agar bersangkutan dapat lebih bijak dalam menggunakan media sosial, memperhatikan sensitivitas publik, serta memahamkan kembali bahwa penerima beasiswa LPDP mempunyai kewajiban kebangsaan untuk mengabdi pada negeri. Adapun terkait suami DS, yakni AP yang juga menjadi perhatian publik dan merupakan alumnus, LPDP mengungkapkan bahwa yang bersangkutan diduga belum menyelesaikan kewajiban kontribusinya setelah menamatkan studi. Selanjutnya, LPDP tengah melakukan pendalaman internal terkait dugaan tersebut. ""LPDP akan melakukan pemanggilan kepada AP untuk meminta klarifikasi, serta akan melakukan proses penindakan dan pengenaan sanksi sampai pengembalian seluruh dana beasiswa apabila terbukti bahwa kewajiban berkontribusi di Indonesia belum dipenuhi,"" jelas lembaga. Ke depan, LPDP berkomitmen untuk menegakkan aturan secara adil, konsisten, dan bertanggung jawab kepada seluruhawardeedan alumni. LPDP juga akan terus menjaga integritas institusi dalam memberikan manfaat sebesar-besarnya bagi Indonesia. Sebelumnya, seorang warga negara Indonesia (WNI) alumnus beasiswa negara LPDP menyampaikan permohonan maaf secara terbuka atas pernyataan kontroversialnya di media sosial. Pemilik akun @sasetyaningtyas mengunggah postingan pernyataan dan permohonan maaf setelah pernyataannya ""cukup saya saja yang WNI, anak-anak saya jangan"", jadi sorotan warganet. ""Saya menyampaikan permohonan maaf secara terbuka kepada seluruh masyarakat yang merasa tersakiti, tersinggung, maupun tidak nyaman atas pernyataan tersebut,"" tulisnya. [Gambas:Video CNN]",https://www.cnnindonesia.com/ekonomi/20260221054708-532-1330232/lpdp-respons-alumni-bangga-anaknya-jadi-wna
2026/01/13 14:38:31,Prabowo Resmikan SMA Taruna Nusantara Kampus Malang,"Presiden RI Prabowo SubiantomeresmikanSMA Taruna Nusantara Kampus Malang, Jawa Timur, Selasa (13/1), hari ini. ""Saya Prabowo Subianto Presiden Republik Indonesia dengan ini meresmikan SMA Taruna Nusantara kampus Malang,"" kata Prabowo dalam pidatonya. Ia didampingi Menteri Sekretaris Negara Prasetyo Hadi, Sekretaris Kabinet Letkol Teddy Indra Wijaya, serta sejumlah pejabat terkait lainnya. Prabowo meminta para siswa Taruna Nusantara agar mengemban ilmu dengan sungguh-sungguh. Ia berharap mereka semua mengabdi bagi bangsa dan negara usai lulus dari Taruna Nusantara. Menurut Prabowo, sudah cukup banyak alumni Taruna Nusantara yang mengabdi untuk negara. Prabowo menyinggung beberapa di antaranya, Prasetyo Hadi (TN angkatan 6), Menko IPK Agus Harimurti Yudhoyono, (TN angkatan 5), hingga Wamentan Sudaryono (TN angkatan 11). Prabowo meresmikan SMA Taruna Nusantara ini usai melakukan kunjungan kerja di Pulau Kalimantan. Ia bertolak ke Malang dari IKN, Kalimantan Timur. Prabowo menuju SMA Taruna Nusantara menggunakan mobil kepresidenan Maung. Dari atas mobilnya, Prabowo melambaikan tangan dan menyapa masyarakat yang menyambutnya di pinggir Jalan.",https://www.cnnindonesia.com/nasional/20260113143004-20-1316598/prabowo-resmikan-sma-taruna-nusantara-kampus-malang
2025/12/15 15:35:30,"Alur Pendaftaran KIP Kuliah 2026: Syarat, Jadwal, dan Besaran Bantuan","Kartu Indonesia Pintar (KIP) Kuliah merupakan program yang bertujuan untuk meningkatkan pemerataan aksespendidikantinggi di Indonesia. Program bantuan pendidikan dari pemerintah ini kembali dibuka untuk memastikan akses pendidikan tinggi tetap terbuka bagi siswa berprestasi dari keluarga kurang mampu. Berikut alur pendaftaranKIP Kuliah2026. KIP Kuliah merupakan program bantuan biaya pendidikan yang diselenggarakan oleh pemerintah bagi lulusan SMA/SMK/MA/sederajat yang memiliki keterbatasan ekonomi tetapi berpotensi secara akademik. Melalui KIP Kuliah, mahasiswa penerima akan memperoleh pembebasan biaya kuliah serta bantuan biaya hidup bulanan selama masa studi. Selain itu, mahasiswa juga mendapatkan pendampingan akademik agar dapat menyelesaikan pendidikan tepat waktu. Sejak diluncurkan, KIP Kuliah telah membantu jutaan mahasiswa dari berbagai daerah untuk melanjutkan pendidikan ke perguruan tinggi negeri maupun swasta. Melansir dari berbagai sumber, berikut syarat, besaran bantuan, dan alur pendaftaran KIP kuliah 2026. Berikut syarat umum penerima bantuan pendidikan KIP Kuliah. Pemenuhan syarat ini menjadi dasar utama sebelum calon mahasiswa dapat melanjutkan ke tahap pendaftaranonline. Mengacu mekanisme tahun sebelumnya, berikut tahapan lengkap alur pendaftaran KIP Kuliah 2026 yang bisa jadi gambaran. Calon peserta mengakses laman resmi kip-kuliah.kemdiktisaintek.go.id. Pada tahap ini, peserta wajib mengisi NIK, NISN, dan NPSN. Sistem akan melakukan validasi otomatis dengan data Dukcapil dan sekolah asal. Setelah akun aktif, peserta melengkapi data pribadi, data keluarga, serta kondisi ekonomi. Dokumen pendukung seperti KKS, PKH, SKTM, dan foto kondisi rumah harus diunggah sesuai ketentuan. Peserta wajib menggunakan email aktif karena kode verifikasi dan informasi lanjutan akan dikirimkan melalui email tersebut. Tanpa aktivasi, proses pendaftaran tidak dapat dilanjutkan. Nomor Pendaftaran dan Kode Akses KIP Kuliah digunakan saat mendaftar seleksi masuk perguruan tinggi melalui jalur SNBP, SNBT, atau Mandiri. Apabila peserta dinyatakan lulus seleksi masuk, pihak kampus akan melakukan verifikasi dokumen dan, jika diperlukan, verifikasi lapangan. Status penerima KIP Kuliah ditetapkan setelah proses ini selesai. Jadwal berikut merupakan estimasi berdasarkan pola tahun-tahun sebelumnya. Informasi resmi akan diumumkan oleh Kemendiktisaintek dan Puslapdik. Calon peserta disarankan untuk rutin memantau pengumuman resmi agar tidak tertinggal tahapan penting. Terdapat dua jenis bantuan KIP Kuliah, yakni bantuan biaya pendidikan dan bantuan biaya hidup. Biaya pendidikan ditanggung penuh sesuai ketentuan UKT perguruan tinggi dan program studi. Besaran UKT KIP Kuliah umumnya berada pada kelompok UKT 1 hingga 3, berkisar antara Rp2.000.000 hingga Rp5.000.000 per semester. Program studi kesehatan dengan akreditasi A memperoleh pembiayaan lebih tinggi dibandingkan program studi sosial humaniora. Sementara itu, program studi dengan akreditasi A mendapatkan alokasi lebih besar dibanding akreditasi B. Bantuan biaya hidup diberikan setiap bulan berdasarkan klaster wilayah biaya hidup daerah. Besarannya adalah sebagai berikut: Penetapan klaster dilakukan berdasarkan indeks biaya hidup di masing-masing daerah. Dengan memahami alur pendaftaran KIP Kuliah 2026 secara menyeluruh, calon mahasiswa dapat mempersiapkan diri lebih matang dan terhindar dari kesalahan administrasi. Oleh karena itu, calon peserta diimbau untuk selalu mengikuti informasi resmi agar kesempatan ini tidak terlewatkan.",https://www.cnnindonesia.com/edukasi/20251215083231-561-1306771/alur-pendaftaran-kip-kuliah-2026-syarat-jadwal-dan-besaran-bantuan
2025/12/15 10:31:45,Apakah KIP Kuliah Bisa untuk Siswa Gap Year? Begini Ketentuannya,"Kartu Indonesia Pintar (KIP) Kuliah dirancang untuk memastikan aksespendidikantinggi tetap terbuka luas bagi generasi muda berprestasi. Memahami syarat dan mekanisme pendaftarannya menjadi hal yang wajib bagi calon mahasiswa. Lalu, apakahKIP Kuliahbisa untuk siswa gap year? KIP Kuliah kerap menjadi harapan besar bagi calon mahasiswa dari keluarga kurang mampu yang ingin melanjutkan pendidikan tinggi. Melalui program ini, negara berupaya memastikan akses pendidikan tinggi tetap terbuka secara adil. Bantuan KIP Kuliah dapat dimanfaatkan oleh mahasiswa pada seluruh jalur penerimaan perguruan tinggi. Selain menanggung biaya pendidikan atau uang kuliah, penerima KIP Kuliah juga berhak memperoleh bantuan biaya hidup. Bagi lulusan SMA/SMK/ MA yang memilih menunda kuliah selama satu hingga dua tahun masih ada peluang untuk daftar KIP Kuliah sesuai ketentuan. Apakah KIP Kuliah bisa untuk siswa gap year? Pemerintah membuka kesempatan mendaftar KIP Kuliah bagi lulusan SMA/SMK/MA sederajat yang lulus pada tahun berjalan maupun dua tahun sebelumnya. Berdasarkan ketentuan KIP Kuliah 2026, penerima program ini dapat berasal dari lulusan tahun 2026, 2025, dan 2024. Artinya, siswa yang mengambil gap year satu hingga dua tahun masih memiliki peluang yang sama untuk mendaftar, asalkan belum pernah ditetapkan sebagai penerima KIP Kuliah sebelumnya dan memenuhi syarat lainnya. Dengan demikian, masa jeda setelah lulus sekolah bukanlah penghalang mutlak untuk mendapatkan bantuan KIP Kuliah. Hal yang terpenting adalah status kelulusan, kondisi ekonomi keluarga, serta kelulusan pada seleksi masuk perguruan tinggi. Dengan memahami ketentuan yang berlaku, siswa gap year tetap memiliki peluang yang sama untuk melanjutkan studi melalui bantuan KIP Kuliah. Agar dapat memperoleh KIP Kuliah, termasuk bagi siswa gap year, berikut syarat yang harus dipenuhi: Seluruh persyaratan ini berlaku sama bagi lulusan baru maupun siswa gap year. Jadwal pendaftaran KIP Kuliah 2026 masih bersifat estimasi berdasarkan pola tahun-tahun sebelumnya. Berikut gambaran waktunya: Calon peserta disarankan untuk rutin memantau pengumuman resmi dari Kemendiktisaintek dan Puslapdik agar tidak tertinggal tahapan penting. Dengan begitu dapat ditegaskan bahwa peluang KIP Kuliah bisa untuk siswa gap year terbuka lebar. Lulusan SMA yang mengambil masa jeda tetap berhak mendaftar KIP Kuliah selama memenuhi seluruh persyaratan yang ditetapkan. Oleh karena itu, siswa gap year tidak perlu ragu untuk mempersiapkan diri sejak dini agar dapat memanfaatkan program KIP Kuliah sebagai jalan menuju pendidikan tinggi yang lebih baik.",https://www.cnnindonesia.com/edukasi/20251215085353-561-1306780/apakah-kip-kuliah-bisa-untuk-siswa-gap-year-begini-ketentuannya
2025/09/11 19:47:11,"LPDP Kelola Dana Abadi Rp154 T, 70 Persen Disimpan di Obligasi Negara","Lembaga Pengelola DanaPendidikan(LPDP) mengelolaDana AbadiRp154,11 triliun per 31 Agustus 2025. ""Saat ini saldonya ada Rp154,11 triliun (Dana Abadi), di mana asset under management 70 persen ditempatkan di obligasi negara,"" kata Plt Direktur Utama LPDP Sudarto dalam Rapat Dengar Pendapat (RDP) dengan Komisi XI DPR RI di Jakarta Pusat, Kamis (11/9). Pada bahan paparan LPDP, Dana Abadi yang disimpan di obligasi negara mencapai Rp112 triliun. Sedangkan sisanya tersebar di deposito Rp36,13 triliun; obligasi korporasi Rp7,84 triliun; serta sekuritas rupiah Bank Indonesia (SRBI) Rp2,97 triliun. Sudarto menegaskan LPDP selalu menjaga pengelolaan Dana Abadi yang sudah dikumpulkan sejak 2010 lalu. Uang sebanyak itu dikelola dengan menjaga tingkat keberlanjutan, pemenuhan kebutuhan, serta mitigasi risiko. ""Hingga saat ini, kami laporkan yield masih mencapai 7,11 persen, di atas target yang sudah ditetapkan,"" tegas Sudarto. Dana Abadi itu terbagi menjadi Dana Abadi Pendidikan (DAP) senilai Rp126,12 triliun per akhir Agustus 2025. Sedangkan sisanya adalah Rp12,99 triliun Dana Abadi Penelitian (DAPL), Rp10 triliun Dana Abadi Perguruan Tinggi (DAPT), dan Rp5 triliun Dana Abadi Kebudayaan (DAKB). Sudarto melaporkan penggunaan Dana Abadi Pendidikan telah dirasakan oleh 55.776 orang penerima beasiswa LPDP. Ada juga 575.155 penerima beasiswa kolaborasi dengan Kemendikbudristek serta 40.252 penerima beasiswa kolaborasi bersama Kemenag. Sedangkan DAPL digunakan untuk membiayai 3.583 proyek riset. Sedangkan DAPT digunakan untuk 23 perguruan tinggi negeri berbadan hukum (PTNBH). Sedangkan DAKB dinikmati 932 penerima manfaat, di mana di dalamnya terdapat 27.650 pelaku budaya. [Gambas:Video CNN]",https://www.cnnindonesia.com/ekonomi/20250908160010-532-1271300/lpdp-kelola-dana-abadi-rp154-t-70-persen-disimpan-di-obligasi-negara
2025/07/15 05:00:20,"LPDP Ungkap Total Dana Abadi 2010-2025 Capai Rp154,1 Triliun","Direktur Utama Lembaga Pengelola Dana Pendidikan (LPDP) Andin Hadiyanto melaporkan bahwa totaldana abadi LPDPmencapai Rp154,11 triliun sejak 2010 hingga Juni 2025. ""Rinciannya adalah dana abadi pendidikan (DAP) sejumlah Rp126,12 triliun, dana abadi penelitian (DPL) Rp12,19 triliun, dana abadi perguruan tinggi (DAPT) Rp10 triliun dan dana abadi kebudayaan (DAKb) adalah Rp5 triliun,"" katanya dalam Rapat Dengar Pendapat (RDP) dengan Komisi XI DPR RI, Jakarta, Senin (14/7). Untuk komposisi portofolio investasi hingga 30 Juni 2025, sebesar Rp112 triliun atau 70,01 persen dalam obligasi negara, deposito Rp37,07 triliun atau 23,2 persen, obligasi korporasi Rp7,74 triliun atau 4,84 persen, dan Sekuritas Rupiah Bank Indonesia (SRBI) Rp2,97 triliun atau 1,86 persen. Sepanjang tahun 2013-2025, DAP sudah memberikan beasiswa kepada 55.492 orang dengan rincian tingkat magister (S2) 40.284 orang, S3 sebanyak 11.829 pelajar, dan dokter spesialis 3.379 orang. Penerima beasiswa on-going hingga 30 Juni 2025 sebanyak 34.373 dengan rincian 18.630 orang dari LPDP, 8.674 orang dari Kemendikdasmen (Kementerian Pendidikan Dasar dan Menengah) dan Kemdiktisaintek (Kementerian Pendidikan Tinggi, Sains, dan Teknologi), serta 7.069 orang dari Kemenag. Dalam kategori penerima beasiswa kolaborasi Kemendikdasmen dan Kemdiktisaintek tahun 2021-2025, ada 24.967 orang untuk tingkat S1 hingga S3, dan 548.911 orang program nongelar. Lebih lanjut, penerima beasiswa kolaborasi Kemenag tahun 2022-2025 sebanyak 11.546 orang pada semua tingkatan dan 29.499 pelajar untuk program non gelar. Mengenai DPL, jumlah proyek riset yang didanai (termasuk kolaborasi Kemdiktisaintek, Kemenag, dan Badan Riset dan Inovasi Nasional/BRIN) dan telah selesai sebanyak 1.199 proyek, on-going 2.261 proyek. Perihal DAPT, telah dihasilkan 7.935 publikasi, 1.849 visiting professor, 576 postdoc fellowship, serta 6.800 pertukaran pelajar dari 21 Perguruan Tinggi Negeri Berbadan Hukum (PTNBH). Terakhir, penerima manfaat DAKb sebanyak 928 orang yang berbentuk perorangan, komunitas, lembaga, dengan keterlibatan 27.650 pelaku budaya. Terkait dampak beasiswa LPDP, Andin menyampaikan bahwa setiap investasi menghasilkan dampak sosial, ekonomi, dan perubahan pola pikir sebesar 5,39 kali lipat dari nilai awal program tersebut berdasarkan benchmark Return On Scholarship Investment (ROSI). ""Kalau kita bandingkan dengan scholarship dari Chevening maupun dari Bank Dunia, mungkin jauh lebih tinggi hasilnya beasiswa LPDP,"" kata Andin. Untuk 2026, LPDP memiliki pagu indikatif tahun anggaran 2026 sebesar Rp3,93 triliun dengan rincian belanja beasiswa Rp2,92 triliun, operasional manajemen Rp349,13 miliar, DAP Rp111 miliar, DAKb Rp200 miliar, serta DAPT Rp350 miliar. Target layanan yang didanai LPDP pada tahun 2026 adalah beasiswa sebanyak 14.160 orang, riset 42 proyek, DAPT 23 PTNBH, serta DAKB.",https://www.cnnindonesia.com/ekonomi/20250715033133-78-1250691/lpdp-ungkap-total-dana-abadi-2010-2025-capai-rp1541-triliun
2025/06/20 19:06:55,Program Beasiswa 2025 yang Masih Buka Pendaftaran Juni Ini,"Beberapa program beasiswa 2025 masih dibuka pendaftarannya sampai Juni 2025. Penyedia beasiswanya juga bervariasi, dari instansi pemerintah hingga perusahaan swasta. Berikut daftar programbeasiswayang masih membuka pendaftaran hingga Juni 2025. Jelang tahun ajaran baru, program beasiswa memang banyak dicari oleh pelajar atau mahasiswa. Tujuannya agar beban biaya pendidikan yang ditempuh jadi lebih ringan atau bahkan bisa gratis. Simak apa saja program beasiswa 2025 yang masih buka pendaftarannya. Program Garuda ACademic of Excellence 2.0 (Garuda ACE) merupakan program beasiswa yang diselenggarakan oleh Direktorat Jenderal Pendidikan Tinggi (Ditjen Dikti). Beasiswa non-gelar ini dibuka untuk mahasiswa sarjana atau magister untuk pelatihan riset serta bahasa Inggris selama 6 bulan. Tujuannya untuk meningkatkan kapasitas riset di tingkat internasional. Jadwal pendaftaran beasiswa Garuda ACE berakhir pada tanggal 30 Juni 2025. Informasi lebih lengkap bisa diakses pada link https://pmdsu.kemdiktisaintek.go.id/garuda-ace/. Beasiswa Sinarmas ITSB merupakan beasiswa bagi mahasiswa Institut Teknologi Sains Bandung (ITSB) yang mempunyai prestasi akademik atau non-akademik. Bentuk beasiswa berupa pemberian subsidi uang kuliah selama 8 semester (flat) hingga uang pangkal. Salah satu syarat yang harus dipenuhi ialah wajib mempunyai nilai Indeks Prestasi (IP) minimal 3.00 setiap semester. Apabila IP yang diraih di bawah angka itu, beasiswa akan dicabut. Melansir berbagai sumber, deadline pendaftaran Beasiswa Sinarmas ITSB ditutup pada 30 Agustus 2025. Informasi lebih lanjut soal beasiswa tersebut dapat diakses lewat tautan berikut: https://itsb.ac.id/page/beasiswa. Telkom University membuka beasiswa dengan tajuk Beasiswa KIP Kuliah Telkom University. Beasiswa tersebut dibuka untuk bagi lulusan SMA/SMK/MA yang akan melanjutkan pendidikan dengan skema beasiswa KIP-kuliah. Syarat jalur beasiswa KIP ini merupakan beasiswa unggulan yang akan dibebaskan biaya kuliahnya sampai lulus. Kampus Telkom University sendiri tersebar di beberapa daerah, seperti di Bandung, Jakarta, Surabaya, dan Purwokerto. Bagi yang tertarik, informasi lebih lengkap dapat dilihat melalui tautan ini: https://smb.telkomuniversity.ac.id/jalur-seleksi/beasiswa-kip-kuliah/ Program beasiswa 2025 yang masih buka pendaftaran sampai Juni ini ada dari Beasiswa Keluarga Kalla 2025. Beasiswa Keluarga Kalla merupakan program bantuan pendidikan dari Yayasan Hadji Kalla. Beasiswa diberikan kepada anak-anak dari pegawai aktif serta pensiunan pegawai di bawah naungan 16 perusahaan Kalla. Bentuk beasiswa berupa bantuan pendidikan dari jenjang SD sampai perguruan tinggi. Pendaftaran beasiswa Kalla 2025 dibuka sampai 22 Juni 2025. Informasi lebih lengkap, akses tautan https://www.yayasanhadjikalla.or.id/educare/beasiswa-kalla/. Beasiswa Pemuda Tangguh Surabaya merupakan beasiswa yang diperuntukan bagi pemuda Surabaya yang sedang menempuh pendidikan di kelas 10, 11, 12 SMA/SMK/MA Sederajat tahun ajaran 2025/2026. Pendaftaran dibuka sejak tanggal 1 Juni 2025 sampai 22 Juni 2025. Cek informasi lebih detail soal beasiswa tersebut lewat link berikut https://pemudatangguh.surabaya.go.id/. Itulah daftar beasiswa yang masih dibuka sampai Juni 2025. Semoga bermanfaat!",https://www.cnnindonesia.com/edukasi/20250620190334-561-1242053/program-beasiswa-2025-yang-masih-buka-pendaftaran-juni-ini
2025/06/19 12:00:40,Begini Cara Cek Pencairan KIP Kuliah 2025 dari Hp,"Pendaftaran Kartu Indonesia Pintar (KIP) Kuliah terbuka untuk siswa-siswi Indonesia yang hendak melanjutkan pendidikan diperguruan tinggiasalkan memenuhi syarat. Bagi mahasiswa yang telah terdaftar dan ingin mengetahui status pencairan dana bantuannya, bisa melakukan cara cekKIP Kuliah 2025dari hp berikut. Kartu Indonesia Pintar (KIP) Kuliah adalah program pemerintah yang memberikan bantuan dana pendidikan bagi mahasiswa dari keluarga yang kurang mampu. Program KIP Kuliah telah berjalan beberapa tahun dan terus mengalami penyempurnaan. Dengan KIP Kuliah, diharapkan banyak anak bangsa yang bisa menempuh pendidikan tinggi, terlepas kondisi ekonomi keluarganya. Cara cek pencairan KIP Kuliah 2025 bisa langsung mengakses website resminya melalui browser dari hp atau PC. Berikut langkah-langkahnya. Pencairan KIP Kuliah 2025 dilakukan ke dalam beberapa tahap dan jadwal pencairan ini dapat bervariasi tergantung pada kebijakan masing-masing perguruan tinggi. Besaran bantuan KIP Kuliah 2025 bervariasi tergantung pada beberapa faktor, terutama klaster wilayah perguruan tinggi. Sistemklaster ini didasarkan pada indeks harga lokal dari Badan Pusat Statistik (BPS). Berikut rincian besaran bantuan biaya hidup per bulan berdasarkanklaster, berdasarkan  Pedoman Pendaftaran KIP Kuliah 2025 yang dirilis oleh Kementerian Pendidikan Tinggi, Sains, dan Teknologi (Kemdiktisaintek) RI. Selain memberikan bantuan biaya hidup, KIP Kuliah juga menanggung biaya pendidikan, seperti UKT atau SPP. Besaran biaya pendidikan yang ditanggung akan disesuaikan dengan kebijakan masing-masing perguruan tinggi, dan penyaluran bantuan biaya pendidikan dilakukan langsung ke rekening perguruan tinggi. Sementara itu untuk biaya hidup, prosesnya disalurkan langsung ke rekening mahasiswa. Hal ini memastikan transparansi dan akuntabilitas dalam penyaluran dana. Demikian penjelasan mengenai cara cek pencairan KIP Kuliah 2025, lengkap dengan jadwal dan besaran biaya bantuannya.",https://www.cnnindonesia.com/edukasi/20250619102403-561-1241385/begini-cara-cek-pencairan-kip-kuliah-2025-dari-hp
2025/03/24 17:50:23,"Dukung Pendidikan, Telkomsel Sukses Gelar Ilmupedia Tryout UTBK 2025","Menjelang UTBK-SNBT 2025 yang berlangsung pada 23 April - 3 Mei, Telkomsel melalui Ilmupedia sukses menggelar Tryout UTBK 2025 di 30 kota di Indonesia. Berkolaborasi dengan Kuncie, kegiatan ini diikuti lebih dari 16.000 siswa SMA dan berlangsung dalam format hybrid, baik online melaluiilmupedia.co.idmaupun offline di lokasi terpilih. Ilmupedia Tryout UTBK 2025 yang digelar pada 1 Februari hingga 14 Maret 2025 ini dilaksanakan sebagai bahian dari komitmen Telkomsel dalam mendukung akses pendidikan berkualitas bagi pelajar di seluruh Indonesia. Platform Ilmupedia ini dirancang untuk memberikan pengalaman latihan soal yang menyerupai ujian sesungguhnya, mulai dari Penilaian Tengah Semester (PTS), Penilaian Akhir Semester (PAS), hingga UTBK resmi. Vice President Prepaid Consumer Marketing Telkomsel, Adhi Putranto, mengatakan,Ilmupedia Tryout UTBK 2025 bukan hanya sekadar latihan ujian, tetapi juga bagian dari upaya Telkomsel dalam memberdayakan generasi muda dengan solusi digital yang inovatif. ""Melalui fitur tambahan Ilmupedia Tryout, para siswa tidak hanya dapat melakukan latihan soal untuk UTBK, melainkan juga latihan soal ketika ujian Penilaian Tengah Semester (PTS) dan Penilaian Akhir Semester (PAS),"" ucap Adhi. Dia mengatakan, program ini menjadi salah satu bukti nyata dari Telkomseldalam melakukan pemerataan mutu pendidikan yang menjadi titik penting dalam meningkatkan sumber daya manusia untuk Indonesia Emas 2045. Sebagai bagian dari inisiatif keberlanjutan Telkomsel Jaga Cita, program ini juga mempertegas komitmen Telkomsel dalam menghadirkan pendidikan yang adaptif, inklusif, dan merata di Indonesia. ""Kami percaya bahwa setiap anak muda berhak mendapatkan akses ke pendidikan yang berkualitas. Selain itu, melalui Telkomsel Jaga Cita, kami berupaya membantu mereka meraih masa depan yang lebih cerah,"" tuturnya. CEO Kuncie, Kemas M. Fadhli, menambahkan, melalui kehadiran Platform Ilmupedia Tryout, pihaknya ingin memastikan bahwa para peserta memiliki akses latihan soal berkualitas yang bisa meningkatkan pemahaman mereka. ""Kami optimistis bahwa platform ini dapat membantu lebih banyak siswa meraih peluang terbaik untuk lolos ke PTN impian mereka,"" jelasnya. Adapun delapan peserta dengan skor tertinggi di tingkat nasional akan mendapatkan dana bantuan pendidikan senilai ratusan juta rupiah, dengan syarat minimal passing grade 600 dan diterima di Perguruan Tinggi Negeri (PTN). Tahun ini, Ilmupedia menghadirkan berbagai inovasi terbaru melalui Platform Ilmupedia Tryout untuk meningkatkan efektivitas pembelajaran dan persiapan UTBK bagi para siswa. Berikut sejumlah keunggulan bisa dimanfaatkan oleh para siswa. 1. Simulasi UTBK Seperti Aslinya Peserta dapat mengerjakan tryout selama 196 menit dengan 155 soal dari 7 subtes yang dirancang menyerupai UTBK-SNBT sesungguhnya. 2. Penilaian Berbasis Item Response Theory (IRT) Skor hasil tryout dihitung menggunakan sistem IRT, metode yang juga digunakan dalam UTBK resmi, sehingga hasil yang diperoleh lebih akurat dan mencerminkan kemampuan peserta secara objektif. 3. Fitur Pembahasan Soal Lengkap Tidak hanya menyediakan kunci jawaban, platform ini juga memberikan pembahasan mendalam agar peserta dapat memahami konsep dari setiap soal dengan lebih baik. 4. Fitur Prediksi Peluang Lolos Kampus Berdasarkan skor yang didapatkan, peserta dapat memperkirakan peluang mereka lolos ke PTN pilihan, membantu dalam strategi pemilihan jurusan. 5. Akses Tryout Unlimited Peserta dapat mengakses dan mengulang simulasi UTBK kapan saja selama masa aktif paket, memberikan fleksibilitas dalam berlatih dan meningkatkan kesiapan mereka. Ke depannya, dengan semangat untuk membuka semua peluang dan inovasi teknologi, Telkomsel terus berkomitmen dalam memberikan solusi digital terbaik bagi pendidikan di Indonesia. Gelaran Ilmupedia Tryout UTBK 2025 dan hadirnya platform Ilmupedia Tryout menjadi bukti nyata teknologi dapat dimanfaatkan untuk menciptakan peluang yang lebih luas bagi generasi muda dalam mengejar impian mereka. Informasi lebih lanjut terkait Ilmupedia Tryout 2025 UTBK 2025 diilmupedia.co.id.",https://www.cnnindonesia.com/ekonomi/20250324154711-625-1212470/dukung-pendidikan-telkomsel-sukses-gelar-ilmupedia-tryout-utbk-2025
2025/03/20 09:47:27,Walkot Semarang Jadikan Pendidikan dan Infrastruktur Prioritas Kerja,"Wali Kota Semarang, Agustina Wilujeng menyatakan akan memeratakan pendidikan di ibu kota Jawa Tengah agar terjangkau bagi seluruh lapisan masyarakat. Salah satu caranya, mengalihkan anggaran pembangunan sekolah baru ke program beasiswa bagi siswa tidak mampu di sekolah swasta. ""Pendidikan harus merata. Kami memilih untuk membantu lebih banyak anak dari pada membangun satu sekolah yang hanya dinikmati segelintir orang,"" kata Agustina dalam Konsultasi Publik Rancangan Awal Rencana Pembangunan Jangka Menengah Daerah (RPJMD) 2025-2029 di Patra Hotel & Convention, Selasa (18/3). Selain pendidikan, sektor lain yang juga menjadi prioritas khusus Agustina bersama Wakil Wali Kota Iswar Aminuddin adalah infrastruktur. Agustina menjelaskan, pihaknya akan memastikan pembangunan jalan, drainase, dan selokan dilakukan secara merata. ""Kemarin ada yang bertanya kenapa anggaran infrastruktur, pendidikan, dan kesehatan turun. Ini karena APBD murni 2025 masih berdasarkan kebijakan sebelumnya, sehingga kami perlu melakukan penyesuaian. Infrastruktur tetap jadi prioritas utama. Saya paham ada yang merasa jalan di lingkungannya penting, tapi begitu juga dengan saudara kita di Ngaliyan, Rowosari, Genuk, dan Tugu. Semua butuh perhatian,"" paparnya. Pada kesempatan yang sama, Agustina juga menyinggung tentang kebersihan sebagai faktor penunjang pertumbuhan ekonomi. Menurutnya, Semarang Bersih tak seharusnya hanya jadi slogan. ""Pariwisata, perdagangan, dan jasa berkembang jika kota ini nyaman dan tertata. Oleh karena itu, resik-resik harus menjadi budaya bersama,"" katanya. Lebih jauh, Agustina mengatakan bahwa RPJMD lebih dari dokumen anggaran, tetapi peta jalan pembangunan Kota Semarang selama lima tahun ke depan. Karena itu, dirinya ingin RPJMD menjadi karya yang dipahami dan diamini oleh seluruh masyarakat bahwa Semarang memiliki visi inklusif dan tidak meninggalkan siapapun. Agustina menjelaskan, RPJMD bukan barang mati dan terbuka untuk didiskusikan. ""Silakan sampaikan masukan, baik tertulis maupun melalui diskusi dengan saya, Pak Iswar, Pak Sekda, dan tim Bappeda. Semua ini harus menjadi rancangan yang hidup dan menjawab tantangan nyata di masyarakat,"" pungkas Agustina.",https://www.cnnindonesia.com/nasional/20250320092827-25-1210943/walkot-semarang-jadikan-pendidikan-dan-infrastruktur-prioritas-kerja
2025/03/14 12:08:49,2.254 Mahasiswa Asing Daftar BISS 2025 di Universitas Brawijaya,"Universitas Brawijaya (UB) mencatatkan lonjakan signifikan dalam penerimaan mahasiswa internasional tahun ini. Sebanyak 2.254 calon mahasiswa dari 67 negara berbeda telah mendaftar melalui program Brawijaya International Student Scholarship (BISS) 2025 yang ditutup pada Jumat (7/3). Angka ini menunjukkan peningkatan drastis dibandingkan tahun sebelumnya yang hanya mencatat 400 pendaftar. Para pelamar berasal dari berbagai kawasan dunia, termasuk Asia Tenggara, Asia Tengah, Asia Selatan, Timur Tengah, Asia Timur, Afrika, hingga Eropa. Wakil Rektor Bidang Akademik UB, Prof. Imam Santoso, menyatakan bahwa lonjakan jumlah pendaftar ini merupakan bukti nyata dari peningkatan daya tarik UB di mata mahasiswa internasional. Ia pun bangga melihat antusiasme tinggi dari para pendaftar beasiswa BISS tahun ini, terutama bila dibandingkan dengan tahun sebelumnya. ""Hal ini menunjukkan bahwa UB semakin diakui sebagai destinasi pendidikan unggulan di Asia dan dunia. Dengan program akademik berkualitas, fasilitas modern, dan lingkungan belajar yang multikultural, UB terus menarik minat mahasiswa dari berbagai belahan dunia,"" ujarnya dalam keterangan tertulis, Jumat (14/3). Sebagai informasi, BISS 2025 memberikan kesempatan bagi mahasiswa asing untuk menempuh pendidikan di UB dengan cakupan pembiayaan penuh. Paket beasiswa ini meliputi biaya kuliah, tunjangan hidup, asuransi kesehatan, tiket pesawat pulang-pergi, dan akomodasi di asrama. Program ini terbuka untuk jenjang pendidikan Sarjana, Magister, dan Doktor, menjadikannya salah satu skema beasiswa paling komprehensif yang ditawarkan oleh perguruan tinggi di Indonesia. Salah satu pelamar dari Kawasan Timur Tengah, Nijat Ahmad Zareeni, mengapresiasi proses seleksi yang transparan serta informasi terkini yang disampaikan selama pendaftaran. ""Saya sangat menghargai proses seleksi yang transparan dan informasi terkini yang diberikan selama proses berlangsung. Apa pun hasilnya, saya bersyukur atas kesempatan untuk mendaftar,"" ucap dia. Kenaikan jumlah pendaftar internasional ini semakin memperkuat posisi UB sebagai universitas kelas dunia yang menjadi pusat inovasi, kolaborasi, dan pertukaran budaya. Program BISS tidak hanya menyediakan akses pendidikan berkualitas bagi mahasiswa asing, tetapi juga memperkaya dinamika akademik dan globalisasi kampus. UB berkomitmen untuk terus membuka peluang lebih luas bagi mahasiswa internasional dan memperkuat jejaring global dalam dunia pendidikan tinggi.",https://www.cnnindonesia.com/ekonomi/20250314105001-97-1208771/2254-mahasiswa-asing-daftar-biss-2025-di-universitas-brawijaya
2025/02/17 11:45:45,Cara Sinkronisasi KIP Kuliah dengan SNBP 2025,"Sinkronisasi Kartu Indonesia Pintar (KIP) Kuliah merupakan tahapan penting dalam pendaftaran agar peserta dapat menerima bantuan danapendidikandari pemerintah. Maka itu, cara sinkronisasiKIP Kuliahdengan SNBP 2025 perlu dipahami oleh tiap peserta, terutama bagi para siswa eligible, yakni mereka yang dinyatakan layak dan memenuhi kriteria spesifik untuk mengikuti proses Seleksi Nasional Berdasarkan Prestasi (SNBP). KIP Kuliah merupakan bantuan biaya bagi anak-anak Indonesia yang ingin melanjutkan pendidikan ke perguruan tinggi tetapi terkendala biaya. Program KIP Kuliah menjamin biaya pendidikan dan biaya hidup masuk perguruan tinggi melalui jalur SNBP dalam Seleksi Nasional Penerimaan Mahasiswa Baru (SNPMB). Bagaimana cara sinkronisasi KIP Kuliah dengan SNBP 2025? Langkah awal sebelum sinkronisasi KIP Kuliah dengan SNBP adalah dengan membuat akun KIP Kuliah terlebih dahulu. Apabila peserta belum mempunyai akun, bisa melakukan pendaftaran melalui laman kip-kuliah.kemdiktisaintek.go.id/siswa/pendaftaran/baru. Berikut cara membuat akun KIP Kuliah 2025: Setelah memiliki akun KIP Kuliah, langkah berikutnya adalah melakukan sinkronisasi KIP Kuliah dengan SNBP 2025. Berikut cara melakukan sinkronisasi KIP Kuliah dengan SNBP 2025: Dikutip dari laman resmiKIP Kuliah Kemdiktisaintek, pendaftaran KIP Kuliah dibuka sejak 4 Februari dan berakhir hingga 31 Oktober 2025. Peserta dapat melakukan pendaftaran KIP Kuliah seiring dengan dibukanya pendaftaran SNPMB pada jalur SNBP. Pendaftaran SNBP tahun ini berlangsung pada 4-18 Februari 2025. Setelah tanggal 17 Februari 2025, siswa sudah tidak bisa lagi mendaftar dan melalukan sinkronisasi KIP Kuliah dengan SNBP. Demikian cara sinkronisasi KIP Kuliah dengan SNBP 2025 perlu dipahami oleh tiap peserta, terutama bagi para siswa eligible. Pastikan telah memiliki akun KIP Kuliah terlebih dahulu sebelum melakukan sinkronisasi. Batas waktu menyelesaikan sinkronisasi adalah 17 Februari 2025.",https://www.cnnindonesia.com/edukasi/20250212141527-561-1197439/cara-sinkronisasi-kip-kuliah-dengan-snbp-2025
2025/01/22 15:00:15,Cara Mendapat Beasiswa BPJS Ketenagakerjaan dan Syaratnya,"Beasiswa BPJS Ketenagakerjaan adalah program bantuanpendidikanyang bisa didapatkan anak dari keluarga peserta BPJS Ketenagakerjaan. Syarat dan cara mendapatkan program beasiswa perlu diketahui oleh setiap pesertaBPJS Ketenagakerjaanatau BP Jamsostek. Program beasiswa pendidikan ini diatur dalamPP Nomor 82 Tahun 2019 tentang Penyelenggaraan Program Jaminan Kecelakaan Kerja dan Jaminan Kematian dan Peraturan Menteri Ketenagakerjaan (Permenaker) No. 5 tahun 2021 tentang Tata Cara Penyelenggaraan Program Jaminan Kecelakaan Kerja, Jaminan Kematian, dan Jaminan Hari Tua. Keberadaan beasiswa ini bermanfaat untuk membantu meringankan beban pendidikan bagi keluarga peserta BPJS Ketenagakerjaan, khususnya ahli waris yang ditinggalkan. Besaran bantuan atau nilai manfaat dari beasiswa pendidikan untuk anak peserta BPJS Ketenagakerjaan berbeda-beda sesuai jenjang pendidikannya. Berikut besaran dana bantuan pendidikan yang diterima. Berikut beberapa syarat untuk bisa mendapatkan atau mengklaim beasiswa pendidikan bagi anak peserta BPJS Ketenagakerjaan. Cara klaim beasiswa pendidikan bagi anak peserta BPJS Ketenagakerjaan secara umum adalah melaporkan kematian, baik karena kecelakaan kerja atau akibat lain, lalu mengajukan klaim beasiswa. Berikut langkah-langkahnya: Jika peserta BP Jamsostek mengalami kecelakaan kerja, perusahaan atau perorangan (bagi peserta Bukan Penerima Upah atau BPU), wajib melaporkan kejadian tersebut dengan tahap berikut ini: Jika peserta meninggal dunia bukan karena kecelakaan kerja, maka keluarganya dapat mendatangi kantor cabang BPJS Ketenagakerjaan terdekat dengan melengkapi beberapa dokumen berikut ini: Setelah melaporkan kematian, orang tua atau ahli waris bisa mendatangi kantor BPJS Ketenagakerjaan terdekat untuk mengajukan klaim beasiswa pendidikan. Beberapa dokumen yang harus dilengkapi yaitu: Demikian penjelasan mengenai cara mendapat beasiswa BPJS Ketenagakerjaan dan syaratnya yang wajib diketahui oleh setiap pesertanya. Besaran bantuan atau nilai manfaat dari beasiswa pendidikan untuk anak peserta BPJS Ketenagakerjaan atau BP Jamsostek ini berbeda-beda sesuai jenjang pendidikannya.",https://www.cnnindonesia.com/edukasi/20250114144755-561-1187030/cara-mendapat-beasiswa-bpjs-ketenagakerjaan-dan-syaratnya
2024/10/17 14:36:16,"UB Gelar Forum Rektor PTN, Dorong Pengembangan Wirausaha Mahasiswa","Universitas Brawijaya (UB) kembali menunjukkan perannya dalam pengembangan wirausaha di kalangan akademisi dengan menjadi tuan rumah Majelis Rektor Perguruan Tinggi Negeri Indonesia (MRPTNI) pada Rabu (16/10). Bertempat di Gedung Samantha Krida, acara ini menghadirkan para Rektor Perguruan Tinggi Negeri dari seluruh Indonesia untuk membahas kebijakan strategis, khususnya terkait program Wirausaha Merdeka di perguruan tinggi. Berbeda dari forum biasa, pertemuan ini memfokuskan diskusi pada bagaimana kampus dapat menjadi inkubator wirausaha berkelanjutan, yang tidak hanya mendorong mahasiswa untuk menjadi entrepreneur, tetapi juga memastikan bahwa wirausaha tersebut selaras dengan kebutuhan lingkungan hidup dan tren ekonomi hijau (green economy). Kegiatan ini dibagi dalam dua kegiatan utama, yaitu 'Seminar Pengembangan Kewirausahaan' dan 'Lokakarya Pengembangan Kewirausahaan Mahasiswa'. Direktur Pembelajaran dan Kemahasiswaan (Belmawa) Direktorat Jenderal Pendidikan Tinggi, Sri Suning Kusumawardani, hadir sebagai pembicara utama dengan materi 'Sinkronisasi Pembelajaran Kewirausahaan Mahasiswa dalam Kebijakan Perguruan Tinggi'. Dalam sambutannya, Rektor UB, Prof. Widodo, mengangkat isu mendesak dalam dunia kewirausahaan di Indonesia, yakni rendahnya jumlah wirausahawan di negeri ini. Hanya sekitar tiga persen penduduk Indonesia yang menjadi entrepreneur, jauh di bawah negara maju yang mencapai 11 hingga 16 persen. ""Ada beberapa hal jadi bagian penting yang harus kita tingkatkan khususnya dari mahasiswa untuk terus tumbuh,"" ujarnya dalam keterangan tertulis, Kamis (17/10). Ia melanjutkan, hal pertama adalah jiwa entrepeneur yang harus ditingkatkan agar mahasiswa dapat memahami problematika masyarakat sekarang dan yang akan datang. Hal kedua adalah ekosistem, dan yang ketiga membangun wirausaha yang sesuai dengan kebutuhan lingkungan hidup. Widodo menambahkan,Green Economysaat ini sudah mulai secara masif diterapkan di negara-negara maju. Jikastartupanak muda Indonesia masih belum sesuai dengan kebutuhan lingkungan hidup, maka akan tidaksurvive. Selaras dengan hal ini, Wakil Rektor Bidang Akademik, Prof. Imam Santoso, menyampaikan semiloka ini diharapkan dapat mengembangkan bisnis hijau yang didukung kecerdasan buatan. Menurutnya hal ini menjadi penting melihat perkembangan global pentingnya aspeksustainabilityatau keberlanjutan. ""Topik ini sangat relevan dan penting terkait perkembangan global yang menekankan pentingnya keberlanjutan dan di saat bersamaan terus melakukan inovasi dan juga dalam framework pengembanganArtificial Inteligenceyang tidak bisa kita hindari,"" paparnya. Ketua Pelaksana Ilhamuddin, S.Psi., MA menyampaikan, melalui kegiatan ini diharapkan adanya akselerasi pengembangan kewirausahaan mahasiswa, khususnya di PTN. Dengan mengambil tema 'Masa Depan Kewirausahaan Hijau: Integrasi AI dan Model Bisnis Berkelanjutan', masing-masing perguruan tinggi diharapkan memilikipoint of viewbahwa keberlanjutan sangat penting dalam kewirausahaan. ""Green Entrepreneurshipmenjadi dasar untuk bisnis berkelanjutan, namun kita juga harus melihat dari sudut pandang kecerdasan buatan juga. Bagaimana kita membangun kecerdasan buatan itu mampu mempercepat pergerakan bisnis secara umum, terlebih lagi pada bisnisgreen entrepreneurshipini,"" kata dia. Sebagai informasi, kegiatan ini dilakukan secara hibrid agar pimpinan perguruan tinggi yang berhalangan hadir secara luring dapat mengikuti secara daring mengingat pentingnya forum ini. Forum ini juga diikuti mahasiswa untuk membangun kesadaran bahwaGreen Entrepreneurshipdan kecerdasan buatan adalah sesuatu yang tidak bisa dihindari. Perhelatan ini juga diramaikan dengan expo yang menampilkan produk unggulan mahasiswa yang telah mendapatkan pembinaan wirausaha atau telah mengikuti kompetisi nasional atau internasional. Rangkaian kegiatan dibuka oleh Ketua MRPTNI, Prof. Eduart Wolok. Sementara narasumber yang mengisi acara meliputi Dosen UB Prof Arifin Noor Sugiharto, Founder, President & Chief Executive Officer Sariraya Co.,Ltd Teguh Wahyudi, Kepala Pusat Inovasi dan Transfer Teknologi Dias Satria, dan President of Chickin Indonesia, Ashab Alkahfi. Diharapkan, seminar dan lokakarya ini akan menghasilkan Policy Brief guna mendukung pendidikan kewirausahaan terutama untuk program Akademi Wirausaha Mahasiswa Merdeka (AWMM).",https://www.cnnindonesia.com/ekonomi/20241017142753-97-1156451/ub-gelar-forum-rektor-ptn-dorong-pengembangan-wirausaha-mahasiswa
2024/07/27 10:10:17,"Kesaksian Joki Masuk PTN, 6 Orang Keroyok Ujian Mandiri via Zoom","Perbincangan soaljoki ujiandi dunia pendidikan tengah ramai jadi di tengah masyarakat. Kondisi ini menjadi bukti potret burampendidikanIndonesia. Wajah pendidikan Indonesia saat ini seakan-akan penuh dengan kepalsuan. Praktik kepalsuan akademik di level pendidikan telah dimulai sebelum mahasiswa menjalankan studi. Mahasiswa dapat menggunakan jasa joki demi bisa masuk ke perguruan tinggi negeri (PTN) favorit mereka. Hal tersebut diketahui dari pengakuan Vio--bukan nama sebenarnya--yang mengaku tak sengaja bekerja di perusahaan yang menyediakan jasa joki masuk PTN. Mulanya, Vio mengaku tengah mencari lowongan kerja sebagai mentor bimbingan belajar di salah satuplatformmedia sosial pada tahun 2021. Perempuan lulusan salah satu PTN di Surabaya itu mengaku sudah curiga dari awal karena proses rekrutmen yang terlalu mudah. ""Kan, biasanya prosesrecruitmentdibimbelitu,kan, biasanya ada tes tulis,interview,micro teaching,"" kata Vio kepadaCNNIndonesia.com, Kamis (25/7). Sementara yang ia dapati justru hanya berupa tes tulis. Setelah mengikuti tes tulis, Vio diterima di tempat 'bimbel' tersebut. Kecurigaan pun berlanjut. Alih-alih diperkenalkan terkait perusahaan dan posisi, ia justru langsung ditawarkan untuk mengikuti sebuah 'event'. Nahas, 'event' yang dimaksud tersebut adalah untuk menjadi joki ujian mandiri salah satu perguruan tinggi paling bergengsi di Indonesia. ""Karena aku juga penasaran sama kerja joki ini, akhirnya aku ikut masukeventjoki itu. Ternyata di sana itu mereka kayak semacamngejokiinorang yang ujian ***** **,"" kata dia. Joki tersebut, lanjut Vio, dilakukan dengan memanfaatkan tes ujian mandiri yang dilakukan secara daring. Kala itu, Vio mengaku dimasukkan ke dalam sebuah Zoommeetingoleh seorang admin untuk membantu seseorang melakukan ujian mandiri. ""Di situ itu sistemnya mereka enggak kayak joki lainnya. Misalnya, kalau yang lain mungkin sudah ada kunci jawabannya,"" jelas dia. ""Jadi kita,tuh,yangngerjain6 orang, terus kitasharingjawabannya. Kita setor jawabannya di situ,"" imbuhnya. Tak main-main, ia menyebut seorang yang ingin menggunakan jasa joki harus merogoh kantong dalam-dalam. Seorang 'klien' harus membayar ratusan juta jika berhasil masuk PTN dengan menggunakan jasa joki. Sementara joki hanya mendapatkan persenan yang minim dari angka yang dibayarkan. ""Aku sempat ingat waktu itu mereka [harus membayar] Rp350 juta. Terus nanti dari itu [Rp350 juta], joki dapat 10 persen,"" tutur dia. Namun demikian, seseorang yang menggunakan jasa joki dirinya dan teman-temannya tak berhasil lolos masuk PTN yang diinginkan. Setelah itu, Vio langsung memutus hubungan dengan admin karena menyesal telah sempat terlibat dalam praktik tersebut. ""Langsung keluar. Nomor admin akublock. Tapi enggak lama setelah itu, adminchatlagi pakai nomor baru dan nama perusahaan ganti-ganti,"" tutur dia. PenelusuranCNNIndonesia.commenemukan praktik kebohongan akademik ini juga terjadi di tataran mahasiswa. Jasa joki tugas, skripsi, hingga penulisan artikel jurnal marak ditemukan di berbagaiplatformmedia sosial. Bahkan, fenomena tersebut juga sempat menjadi perbincangan hangat. Kerjainplis alias PT. Gisaka Dinasti menjadi salah satu perusahaan rintisan (startup) yang dihujani kritik karena diduga menyediakan jasa joki tugas akademik. Perusahaan tersebut menjadi sorotan utama lantaran telah memiliki ratusan ribu pengikut di akun media sosialnya. Namun, setelah ramai jadi perbincangan, perusahaan tersebut sulit ditemukan. Mereka juga menutup akses situs hingga sejumlah akun media sosial. Selain PT. Gisaka Dinasti, terdapat pula penyedia jasa joki, skripsi, hingga penulisan artikel jurnal bernama Sinikubantuin. Penyedia jasa tersebut kini masih aktif dengan pengikut di media sosial Instagram mencapai 78 ribu orang. Sinikubantuin pun masih aktif menawarkan jasa mereka. Simak cerita pengakuan joki tugas lainnya di halaman berikutnya.. Eks penjoki di perusahaan tersebut pun mengaku bahwa Sinikubantuin menyediakan jasa yang dilarang menurut hukum. Kiki, begitu dia ingin disapa, mengaku bergabung dengan Sinikubantuin pada bulan Desember 2022. Ia mengaku bergabung karena ingin mengisi waktu luang sembari menunggu wisuda. Kiki pun mengaku proses yang harus dilalui untuk bekerja di Sinikubantuin tidak terlalu rumit dan tak perlu menunggu waktu lama. ""Dia enggak ada wawancara, cuma meminta CV kita. Kalau misal ada ijazah melampirkan ijazah. Terus pas foto hanya itu saja terus dijadikan satu PDF. Terus kita nanti kita kirim kecontact person-nya,"" kata Kiki kepadaCNNIndonesia.com, Jumat (26/7). Tak perlu menunggu lama, dua minggu setelah lamaran dikirimkan, seorang admin mengonfirmasi bahwa Kiki bisa bergabung dengan perusahaan. Kiki menjelaskan, mekanisme kerja menjadi penjoki di Sinikubantuin juga mudah. Ia hanya menunggu arahan kerja dari admin sebelum mengerjakan tugas-tugas yang diberikan. ""Setelah kitadeal, semisal kita memang bisa mengerjakan tugas itu menyesuaikandeadline-nya, terus sesuai ketentuan-ketentuan yang dimaucustomer, baru kita mau. Tapi kalau kita enggak bisa, kita bisa nolak,"" jelas dia. Perempuan lulusan perguruan tinggi swasta di Yogyakarta itu menjelaskan, upah yang didapat dari hasil joki tugas itu berdasarkan bagi hasil dengan admin. ""Semisal bisa nanti dia memberi tahufeeyang kita dapat itu berapa, karena kita enggak dapat 100 persen. Kita [joki] dapatnya, misalnya 60-40 [persen], kita dapat 40, 60 adminnya,"" jelas dia. Di sisi lain, Kiki menegaskan Sinikubantuin tak sekadar menyediakan jasa joki tugas. Ia menyebut, perusahaan itu turut menyediakan jasa pembuatan skripsi hingga artikel jurnal. Ia pun menyebut, tarif joki tersebut disesuaikan dengan tingkat kesulitan dari tugas akademik yang diminta oleh klien. Kiki mengaku mendapatkan upah yang cukup menggiurkan selama menjadi penjoki hingga April 2023. Ia mengaku sempat mendapat jutaan rupiah per bulan. ""Bisa Rp200 ribu-Rp250 ribu itu per satu tugas. Berarti kalau misalnya 5 [joki tugas per bulan], bisa jutaan juga. Kalau seminggu itufulldapat di jurnal aja,"" ujar dia. Kendati demikian, Kiki mengaku tak mengetahui siapa sosok pemilik dari Sinikubantuin. Ia mengaku hanya sekadar fokus menjadi penjoki. Namun, Kiki mengaku tak tahu jasa joki tugas merupakan praktik yang melanggar hukum. Ia hanya ingin mencari uang sembari belajar. ""Kalau mereka mau joki tugas,ya kan, itu hak mereka. Yang penting, untuk aku mereka enggak tahu data aku, tugas mereka selesai. Terus aku juga isinya untung materinya.Gitu aja,"" jelas dia. Kementerian Pendidikan, Kebudayaan, Riset, dan Teknologi, lewat akun @KemdibukbudRI turut berkomentar mengenai praktik perjokian ini. Menurut Kemendikbud, setiap orang di kelompok sivitas akademika dilarang menggunakan jasa joki. ""Civitas academica dilarang menggunakan joki (jasa orang lain) untuk menyelesaikan tugas dan karya ilmiah karena melanggar etika dan hukum,"" tulis Kemendikbud. Penjokian termasuk ke dalam bentuk plagiarisme yang dilarang dalam Undang-Undang Nomor 20 Tahun 2003 tentang Sistem Pendidikan Nasional. Selain itu, sivitas akademika harus menggunakan daya kemampuannya sendiri dalam menunjukkan kapasitas akademiknya.",https://www.cnnindonesia.com/nasional/20240727082152-20-1126089/kesaksian-joki-masuk-ptn-6-orang-keroyok-ujian-mandiri-via-zoom
2024/05/29 15:53:47,"VIDEO: Pemerintah Tunda Kenaikan UKT, Ini Kata Mahasiswa","Menteri Pendidikan, Kebudayaan, Riset dan Teknologi, Nadiem Makarim, telah mengumumkan pembatalan kenaikan Uang Kuliah Tunggal tahun ini. Pengumuman yang disampaikan Nadiem usai menghadap Presiden Jokowi senin kemarin itu disambut positif mahasiswa. Mahasiswa mengaku keberatan dengan rencana kenaikan UKT. Mereka berharap pemerintah memberikan beasiswa bagi mahasiswa yang berprestasi tapi kurang mampu.",https://www.cnnindonesia.com/tv/20240529132005-407-1103325/video-pemerintah-tunda-kenaikan-ukt-ini-kata-mahasiswa
2024/05/28 17:38:16,Kemendikbud Minta Kampus Kembalikan Uang Pembayaran UKT yang Lebih,"Kementerian Pendidikan, Kebudayaan, Riset, dan Teknologi (Kemendikbudristek) meminta rektor Perguruan Tinggi Negeri (PTN) dan Perguruan Tinggi Negeri Badan Hukum (PTNBH) mengembalikan kelebihan pembayaran uang kuliah tunggal (UKT) kepada mahasiswa. Instruksi itu tertuang dalam surat Nomor 0511/E/PR.07.04/2024 yang dikirimkan Direktur Jenderal Pendidikan Tinggi, Riset, dan Teknologi (Dirjen Diktiristek), Abdul Haris kepada 75 rektor PTN dan PTNBH pada Senin (27/5). Surat tersebut dilayangkan agar para rektor membatalkan dan mencabut rekomendasi dan persetujuan tarif UKT dan Iuran Pengembangan Institusi (IPI) pada tahun ini. ""Dalam hal terjadi kelebihan pembayaran UKT akibat revisi Keputusan Rektor, Rektor PTN dan PTNBH perlu segera melakukan pengembalian kelebihan pembayaran atau penyesuaian perhitungan pembayaran UKT untuk semester berikutnya,"" kata Haris dalam keterangannya, Selasa (28/5). Dalam surat itu ditegaskan Kemendikbudristek membatalkan dan mencabut surat rekomendasi tarif UKT dan IPI PTNBH dan surat persetujuan tarif UKT dan IPI PTN tahun akademik 2024/2025. Haris juga meminta Rektor PTN dan PTNBH mengajukan kembali tarif UKT dan IPI tahun akademik 2024/2025. Ia mengatakan rektor perlu mengajukan kembali tarif UKT dan IPI paling lambat 5 Juni 2024, tanpa kenaikan dibandingkan dengan tarif tahun akademik 2023/2024. Pengajuan tarif UKT dan IPI itu harus sesuai dengan ketentuan batas maksimal dalam Permendikbudristek Nomor 2 Tahun 2024 tentang Standar Satuan Biaya Operasional Pendidikan Tinggi (SSBOPT) pada PTN di lingkungan Kemendikbudristek. Kemudian setelah memperoleh surat rekomendasi atau surat persetujuan dari Dirjen Diktiristek atas pengajuan kembali UKT dan IPI, maka PTN dan PTNBH harus merevisi Keputusan Rektor mengenai tarif UKT dan IPI tahun akademik 2024/2025. Ia menegaskan rektor PTN dan PTNBH harus memastikan tidak ada mahasiswa baru tahun akademik 2024/2025 yang membayar UKT lebih tinggi akibat dilakukannya revisi Keputusan Rektor. ""Rektor PTN dan PTNBH harus menginformasikan tarif UKT dan IPI sesuai dengan revisi Keputusan Rektor kepada mahasiswa baru yang telah diterima, namun belum mendaftar ulang atau sudah mengundurkan diri dan memberikan kesempatan kepada mahasiswa untuk melakukan daftar ulang. Ini adalah prioritas Mendikbudristek,"" ujar Haris. Haris memastikan Direktorat Jenderal Diktiristek akan terus mengawal implementasi kebijakan ini agar PTN dan PTNBH dapat menjalankannya dengan lancar. ""Keputusan ini menunjukkan bahwa kami senantiasa mendengarkan aspirasi masyarakat dan selalu menindaklanjutinya secara serius. Kami berkomitmen menyelenggarakan kebijakan pendidikan tinggi yang berkeadilan dan inklusif, serta memastikan agar tidak ada anak Indonesia yang mengubur mimpinya berkuliah di perguruan tinggi negeri karena kendala finansial,"" ucapnya.",https://www.cnnindonesia.com/nasional/20240528172741-20-1102980/kemendikbud-minta-kampus-kembalikan-uang-pembayaran-ukt-yang-lebih
2024/05/28 15:02:16,Forum Rektor Indonesia Sepakat Kenaikan UKT Tahun Ini Dibatalkan,"Forum Rektor Indonesia mengaku tak masalah dengan keputusan MendikbudristekNadiem Makarimyang pembatalan kenaikan Uang Kuliah Tunggal (UKT) pada tahun ini. Ketua Umum Forum Rektor Indonesia Mohammad Nasih mengatakan Nadiem telah berkoordinasi dengan perguruan tinggi negeri badan hukum (PTNBH) soal keputusan tersebut. ""Sudah, kami para Rektor PTNBH sudah bertemu dan berkoordinasi dan oke saja,"" kata Nasih kepadaCNNIndonesia.com, Selasa (28/5). Ia menerangkan bahwa UKT pada PTN-BH ditetapkan melalui Surat Keputusan (SK) Pembatalan kenaikan UKT mesti dilakukan dengan SK Rektor. ""Saya kira para rektor akan melaksanakan apa-apa yang menjadi kebijakan Mas Menteri. Tentu dengan membuat SK Rektor tentang UKT yang baru yang bisa saja sama dengan UKT tahun-tahun sebelumnya,"" ucapnya. Rektor Universitas Airlangga itu menilai sejatinya tidak ada masalah dengan UKT yang ditetapkan pada tahun-tahun sebelumnya. Apalagi jika Permendikbudristek Nomor 2 Tahun 2024 tentang Standar Satuan Biaya Operasional Pendidikan Tinggi (SSBOPT)dicabut. ""Harapannya tentu yang sudah ditetapkan untuk mahasiswa baru SNBP 2024 tidak ikut berubah, kecuali bagi yang keberatan dan minta keringanan, tentu patut diakomodasi dan dipertimbangkan setelah diverifikasi ulang,"" ujar Nasih. ""Di Universitas Airlangga insyaAllah tidak ada masalah dan siap 100 persen,"" imbuhnya. Presiden Joko Widodo memastikan tarif UKT batal naik tahun ini. Keputusan itu dibuat setelah menerima laporan dari Mendikbudristek Nadiem Makarim. Dia ingin kenaikan UKT yang terlampau tinggi segera dibatalkan. Jokowi memerintahkan Nadiem untuk mencari cara agar tarif UKT tak memberatkan mahasiswa. Nadiem menyatakan kenaikan tarif UKT dibatalkan. Nadiem juga berjanji mengkaji ulang kebijakan penentuan tarif UKT. ""Untuk tahun ini tidak ada mahasiswa yang akan terdampak dengan kenaikan UKT tersebut,"" ujar Nadiem usai bertemu Jokowi di Istana Kepresidenan Jakarta, Senin (27/5).",https://www.cnnindonesia.com/nasional/20240528140438-20-1102841/forum-rektor-indonesia-sepakat-kenaikan-ukt-tahun-ini-dibatalkan
2024/05/18 13:15:09,Sejarah UKT yang Bikin Biaya Kuliah Kian Mahal,"Besaran uang kuliah tunggal (UKT) yang mahal belakangan menjadi topik panas di tengah masyarakat. Mahasiswa ramai-ramai memprotes UKT di perguruan tinggi negeri (PTN) yang kian hari kian melejit. Mahasiswa Universitas Soedirman (Unsoed), misalnya, yang protes lantaran kenaikan uang kuliah mencapai hingga lima kali lipat. Protes mengenai UKT mahal ini pun diperkeruh dengan respons dari pihak Kementerian Pendidikan, Kebudayaan, Riset, dan Teknologi (Kemendikbudristek). Sekretaris Direktorat Jenderal Pendidikan Tinggi, Riset, dan Teknologi Kemendikbudristek Tjitjik Sri Tjahjandarie mengatakan, kuliah atau pendidikan tinggi merupakan pendidikan tersier alias pilihan yang tidak masuk dalam wajib belajar 12 tahun (SD-SMA). Oleh sebab itu, pemerintah tidak memprioritaskan pendanaan bagi perguruan tinggi. ""Apa konsekuensinya karena ini adalahtertiary education? Pendanaan pemerintah untuk pendidikan itu difokuskan, diprioritaskan, untuk pembiayaan wajib belajar,"" ujarnya. Terkait hal ini, apa itu UKT dan bagaimana sejarahnya? Secara umum, UKT adalah besaran biaya kuliah yang wajib dibayar oleh mahasiswa setiap semester. Tujuan UKT mulanya adalah membantu dan meringankan biaya pendidikan mahasiswa. Menurut bukuAnalisis Kebijakan Pendidikanoleh Jejen Musfah, UKT merupakan biaya kuliah tunggal (BKT) yang dikurangi dengan Bantuan Operasional PTN (BOPTN). Hal ini sesuai dengan aturan Permendikbud Nomor 55 Tahun 2013, yang kemudian direvisi menjadiPermenristekdikti Nomor 22 Tahun 2015tentang Biaya Kuliah Tunggal dan Uang Kuliah Tunggal pada Perguruan Tinggi Negeri di Lingkungan Kemenristekdikti. Berdasarkan Permenristekdikti Nomor 22 Tahun 2015, UKT merupakan biaya kuliah yang dibebankan berdasarkan kemampuan ekonomi mahasiswa. Dalam pembagiannya, UKT terdiri atas sejumlah kelompok, mulai dari kelompok 1, kelompok 2, dan seterusnya. Beleid yang sama juga telah menetapkan besaran biaya bagi kelompok-kelompok tersebut sesuai dengan masing-masing universitas. Besaran pada masing-masing kelompok bervariasi di tiap-tiap kampus, bahkan program studi. Namun, besaran bagi kelompok satu umumnya di kisaran Rp0-500 ribu. Tjitjik menjelaskan alasan UKT kian mahal, yaitu karena mempertimbangkan biaya operasional yang ditanggung oleh perguruan tinggi. Biaya itu meliputi alat tulis kantor (ATK) hingga upah bagi dosen non-pegawai negeri sipil (PNS). ""Biaya perkuliahan itu,kan, pasti butuh ATK, butuh kemudian LCD, ada pemeliharaan, kemudian dosennya,kan, mesti harus dikasih minum, harus kemudian dibayar. Memangnya dosen gratis?"" ujar dia. Selain itu, biaya perkuliahan juga meliputi biaya untuk kegiatan praktikum. Besaran biaya praktikum berbeda satu sama lain, tergantung program studi. ""Seperti saya [mengajar] di Kimia. Pratikum itu satu kelas maksimal 25 orang. Dan per kelompok praktikum itu hanya 2 sampai 3 orang. Bahan habis setiap kelompok praktikum,kan, berbeda-beda. Topik praktikumnya itu,kan,berbeda.Kan,banyak. Ini,kan,yang kita masuk dengan biaya operasional,"" lanjut dia. Biaya-biaya operasional lain yang termasuk dalam biaya kuliah yakni biaya ujian, tugas akhir, hingga skripsi.",https://www.cnnindonesia.com/nasional/20240518124215-20-1099262/sejarah-ukt-yang-bikin-biaya-kuliah-kian-mahal
2024/05/17 13:00:28,VIDEO: Perguruan Tinggi Negeri Menaikkan Biaya Kuliah,"Sejumlah perguruan tinggi negeri menaikkan biaya uang kuliah tunggal atau UKT pada tahun ini, termasuk PTN yang ada di Kota Bandung. Pengamat pendidikan menilai, kenaikan UKT adalah jalan pintas kampus untuk menutupi biaya operasional pendidikan.",https://www.cnnindonesia.com/tv/20240517120327-402-1098876/video-perguruan-tinggi-negeri-menaikkan-biaya-kuliah
2024/05/07 06:50:19,Daftar 10 PTN RI Terbaik versi The Asia University Rankings 2024,"Lembaga Times Higher Education merilis THE Asia University Rankings 2024. Beberapa perguruan tinggi negeri (PTN) di Indonesia masuk ke dalam daftar. Simak daftar PTN terbaik versi The Asia University Rankings dalam artikel ini. Ada sedikit perubahan dalam pemeringkatan kali ini. Salah satunya terkait kualitas penelitian yang sebelumnya disebut sitasi atau kutipan. THE yang sebelumnya hanya mengukur dampak kutipan berdasarkan pembobotan lapangan, kini memperhitungkan kekuatan, keunggulan, dan pengaruh penelitian yang dimaksud. Selain itu, ada juga penambahan metrik yang melacak seberapa sering penelitian sebuah universitas dikutip dalam paten. Hal ini untuk mengukur tingkat transfer pengetahuan dari akademisi ke industri. Sejumlah PTN di Indonesia masuk dalam daftar terbaik versi The Asia University Rankings 2024. Namun, tak ada satu pun PTN dari Indonesia yang setidaknya masuk dalam daftar 10 atau 20 besar. Kampus Indonesia yang paling dijagokan adalah Universitas Indonesia. Kampus yang berada di Depok, Jawa Barat ini menempati posisi di rentang 201-250 dari seluruh universitas yang ada di Asia. Diikuti kemudian oleh Universitas Gadjah Mada, Yogyakarta yang berada di rentang posisi 351-400 serta Institut Teknologi Bandung (ITB) yang berada di rentang posisi 401-500. Berikut daftar lengkapnya, merangkum dari laman resmiTimes Higher Education: 1. Universitas Indonesia, Depok (201-250)2. Universitas Gadjah Mada, Yogyakarta (351-400)3. Institut Teknologi Bandung (401-500)4. Universitas Sebelas Maret, Surakarta (401-500)5. Universitas Diponegoro, Semarang (501-600)6. Institut Teknologi Sepuluh Nopember, Surabaya (501-600)7. Institut Pertanian Bogor (501-600)8. Universitas Airlangga, Surabaya (501-600)9. Universitas Syiah Kuala, Banda Aceh (501-600)10. Universitas Hasanuddin, Makassar (> 601) Ada lima indikator yang digunakan THE dalam melakukan pemeringkatan. Di antaranya adalah lingkungan belajar, lingkungan penelitian, kualitas penelitian, outlook internasional, dan industri. Demikian penjelasan mengenai sejumlah PTN di Indonesia terbaik versi The Asia University Rankings 2024.",https://www.cnnindonesia.com/gaya-hidup/20240507064401-284-1094754/daftar-10-ptn-ri-terbaik-versi-the-asia-university-rankings-2024
2024/05/01 13:50:01,Kemendikbud Respons Viral Penerima KIP Kuliah Doyan Pamer Kemewahan,"Kementerian Pendidikan, Kebudayaan, Riset dan Teknologi (Kemdikbudristek) menyayangkan ada mahasiswa penerima program Kartu Indonesia Pintar (KIP) Kuliah, bergaya hidup mewah. Kepala Pusat Layanan Pembiayaan Pendidikan Kemendikbudristek, Abdul Kahar mengaku mendapat informasi yang sebelumnya viral di media sosial itu. ""Kami juga sudah mendapat informasi itu dan kami tentunya menyayangkan hal itu,"" kata Kahar saat dihubungiCNNIndonesia.com, Rabu (1/5). Kahar meminta pihak perguruan tinggi mengevaluasi peristiwa itu. Ia mengatakan tanggung jawab menyeleksi penerima bantuan ada di perguruan tinggi. ""Terjadinya ada anak penerima KIP Kuliah yang memamerkan kehidupan mewah, kami minta ke Perguruan Tinggi untuk melakukan evaluasi, jangan-jangan memang anak ini dari awal tidak layak menerima KIP Kuliah,"" katanya. Sesuai aturan, kata Kahar, memang dimungkinkan pemberhentian pemberian bantuan kepada mahasiswa penerima KIP Kuliah. Ada syarat-syarat tertentu. ""Regulasi KIP Kuliah yang diatur dalam Persesjen, dibuka ruang untuk dilakukan penghentian penerima di tengah jalan, tentu dengan syarat; ditemukan adanya anak penerima KIP Kuliah tidak sesuai dengan ketentuan seperti yang bersangkutan bukan dari keluarga kurang mampu,"" kata Kahar. Ke depan, ia meminta setiap perguruan tinggi lebih ketat dalam proses seleksi sehingga kejadian serupa tidak terjadi lagi. ""Perguruan Tinggi harus betul-betul menyeleksi sesuai kriteria dan betul-betul anak yang memiliki motivasi kuat untuk kuliah,"" ujarnya. Sebelumnya, sempat viral di media sosial X, informasi terkait seorang penerima KIP Kuliah yang memamerkan barang-barang yang dinilai terbilang mewah bagi penerima KIP. Belakangan, mahasiswa tersebut mengaku bakal mengundurkan diri sebagai penerima KIP Kuliah.",https://www.cnnindonesia.com/nasional/20240501121437-20-1092604/kemendikbud-respons-viral-penerima-kip-kuliah-doyan-pamer-kemewahan
2024/01/11 12:00:41,"Cara Mendaftar Beasiswa LPDP 2024, Dimulai Hari Ini","Lembaga Pengelolaan Dana Pendidikan atauLPDPmembuka beasiswa untuk para pencari beasiswa di 2024. Berikut cara mendaftar beasiswa LPDP 2024. Beasiswa LPDP terbuka untuk semua warga negara Indonesia yang berencana melanjutkan pendidikan ke jenjang magister. Baik pendidikan di dalam negeri maupun di luar negeri. Pendaftaran beasiswa LPDP 2024 sendiri akan dibuka per 11 Januari 2024. Bagi Anda yang hendak melanjutkan sekolah di jenjang magister atau S2. Cara paling awal untuk memperoleh beasiswa ini adalah dengan mengunjungi situs resmi LPDP 2024. Link Pendaftaran Beasiswa LPDP yaituhttps://beasiswalpdp.kemenkeu.go.id. Setelah berhasil masuk, segera pilih menu 'Beasiswa LPDP' yang tercantum di halaman depan atau beranda. Bagi Anda yang baru pertama kali bergabung. Bisa langsung membuat akun di pilihan buat akun. Anda bisa langsung mengikuti semua tahapan pembuatan akun. Tapi, bagi yang sudah punya akun yang terverifikasi dengan Nomor Induk Kependudukan (NIK) bisa masuk login atau masuk. Setelah berhasil masuk, langsung pilih opsi isi formulir pendaftaran. Anda harus mengisi semua yang ditanyakan dalam formulir tersebut dengan informasi yang benar. Lampirkan semua dokumen yang diminta. Mulai dari KTP, Kartu Keluarga, pas foto terbaru, surat keterangan sehat, surat rekomendasi, surat usulan bagi PNS, CPNS, dan anggota Polri atau TNI. Anda juga harus melampirkan LoA atauLetter of Acceptance, esai komitmen kembali ke Indonesia dan sertifikat TOEFL dan IELTS. Selain dokumen-dokumen tersebut, Ijazah dan transkrip nilai yang sudah diterjemahkan dan dilegalisir juga harus diunggah. Setelah semua dokumen diunggah. Anda harus mempersiapkan diri untuk masuk ke tahap seleksi. Mulai dari seleksi administrasi, bakat skolastik, dan seleksi substansi. Itulah cara mendaftar beasiswa LPDP 2024. Jangan sampai terlewatkan.",https://www.cnnindonesia.com/gaya-hidup/20240110171359-284-1047774/cara-mendaftar-beasiswa-lpdp-2024-dimulai-hari-ini
2023/12/28 14:14:31,"Tangguh dan Berdaya Juang Tinggi, Kiprah Zita Anjani di Dunia Politik","Ketua DPP Partai Amanat Nasional (PAN) Zita Anjani, sosok yang dikenal sebagai aktivis pendidikan, kini melebarkan sayapnya ke dunia politik. Perempuan kelahiran Jakarta 12 Maret 1990 ini dikenal tangguh. Aktivitas Zita bisa terlihat dalam unggahan di akun Instagramnya. Dalam sehari, ia bisa mengunggah belasan hingga puluhan aktivitasnya, termasuk di Instagram Story, mulai dari berdialog dengan masyarakat hingga menemui tokoh politik. Sebagai aktivis pendidikan, Zita pada awalnya memfokuskan diri untuk meningkatkan kesejahteraan guru dan pendidikan anak usia dini. Ia mengantongi gelar Diploma untuk Montessori Education dan mendirikan sekolah anak usia dini serta menginisiasi gerakan pendidikan gratis bagi guru PAUD/TK. Maka tak heran jika gerbang pertamanya dalam dunia politik menjadi caleg PAN yang menyuarakan pendidikan anak dan kesejahteraan guru. Kariernya perlahan naik ketika dia sukses masuk ke parlemen. Di usia yang masih muda, 29 tahun kala itu, Zita berhasil menduduki jabatan Wakil Ketua DPRD DKI Jakarta dan menjadikannya sebagai perempian termuda yang menduduki jabatan tersebut. Di saat bersamaan dia juga menjadi salah satu anggota parlemen perempuan di antara segelintir yang ada. Zita mengaku, pilihan untuk berkarier di politik semata-mata agar ia punya corong suara lebih besar untuk menyuarakan dedikasinya terhadap dunia pendidikan. Terlebih ia telah dikaruniai 3 orang anak yang saat ini masih berada di usia sekolah. ""Saya sangat mencintai dunia pendidikan, apalagi pendidikan anak usia dini. Dengan masuk ke badan legislatif, saya merasa lebih leluasa dan punya power untuk bergerak demi kemajuan dunia pendidikan dan kesejahteraan guru PAUD/TK,"" kata Zita dalam keterangan tertulis, Kamis (28/12). Baginya, masih banyak PR yang mesti diselesaikan terkait dunia pendidikan di Indonesia. Oleh karena itu, ia ingin agar kiprahnya tak hanya dilihat dari kacamata politik semata, melainkan dari kacamata kepedulian terhadap pendidikan anak usia dini yang selama ini masih kurang diperhatikan.",https://www.cnnindonesia.com/nasional/20231228134558-633-1042655/tangguh-dan-berdaya-juang-tinggi-kiprah-zita-anjani-di-dunia-politik
2023/11/25 12:35:13,Jokowi Tegur Nadiem soal Ketimpangan Infrastruktur Pendidikan Daerah,"Presiden Joko Widodo (Jokowi) menegur Menteri Pendidikan, Kebudayaan, Riset, dan TeknologiNadiem Makarimtentang ketimpangan infrastruktur pendidikan. Jokowi mengecek infrastruktur pendidikan di berbagai daerah saat kunjungan kerja. Lalu ia membandingkan pembangunan pendidikan di kabupaten dengan kota. ""Saya bandingkan dengan SMK yang ada di kota, memang gap-nya sarana prasarana sangat jauh berbeda, dan itu tugasnya menteri pendidikan,"" kata Jokowi pada peringatan Hari Guru dan HUT ke-78 PGRI di Jakarta, Sabtu (25/11). Ia mengatakan guru menghadapi tantangan berat di masa ini. Salah satunya terkait perkembangan teknologi. Pasalnya, tidak semua guru di Indonesia bisa mengakses teknologi terkini. Jokowi mengakui penyebaran infrastruktur pendidikan belum merata. ""Kalau mungkin yang di kota-kota lebih enak, tetapi untuk guru-guru yang bekerja di daerah 3T, yang infrastrukturnya terbatas, yang fasilitasnya terbatas, yang gurunya juga terbatas, ini saya pastikan lebih berat,"" ujarnya. Meskipun begitu, Jokowi memastikan pemerintah terus berupaya memberikan dukungan terbaik untuk para guru, termasuk memperjuangkan kesejahteraan para tenaga pendidikan. ""Harapan kita nanti dalam tiga tahun akan ada kurang lebih 840 ribu guru yang direkrut sebagai ASN PPPK dan 2024 nanti akan mencapai 1 juta guru ASN PPPK,"" ujarnya. Menurutnya, pekerjaan guru sangat tidak mudah. Ia pun mengucapkan terima kasih atas nama bangsa dan negara kepada para guru di Hari Guru 2023. ""Atas nama pribadi, atas nama pemerintah, atas nama rakyat, saya mengucapkan terima kasih atas dedikasi, atas kontribusi para guru dalam mendidik generasi muda Indonesia, dalam mendidik kita semuanya,"" ujarnya.",https://www.cnnindonesia.com/nasional/20231125115850-20-1028874/jokowi-tegur-nadiem-soal-ketimpangan-infrastruktur-pendidikan-daerah
2023/10/18 14:25:56,APKASI Luncurkan 5.000 Beasiswa untuk Menekan Kesenjangan Pendidikan,"Asosiasi Pemerintah Kabupaten Seluruh Indonesia (APKASI) terus berupaya meningkatkan kualitas sumber daya manusia (SDM) dan pendidikan di daerah, serta mengurangi kesenjangan pendidikan antardaerah. Guna mewujudkan hal itu, APKASI meluncurkan program Beasiswa Indonesia Emas-Daerah dan menyediakan 5.000 kuota bagi putra-putri daerah berprestasi yang ingin melanjutkan pendidikan ke perguruan tinggi negeri (PTN). Hal ini disampaikan Wakil Ketua APKASI, Dadang Supriatna pada Rapat Koordinasi Koordinator Wilayah APKASI di Jakarta, Selasa (17/10). Rapat ini diikuti para koordinator wilayah anggota APKASI bersama mitra Yayasan Pendidikan Adiluhung Nusantara dan 21 Perguruan Tinggi Negeri (PTN) di Indonesia. Dadang mengatakan, program ini merupakan bentuk dukungan dan tanggung jawab pemerintah dalam memfasilitasi pengembangan keterampilan dan akademik putra-putri daerah. Kemudian, program ini hadir sebagai respons APKASI untuk menghadapi era globalisasi yang menuntut generasi muda menguasai keterampilan teknologi. ""Dengan kuota sebanyak 5.000 beasiswa, putra-putri terbaik daerah tentunya akan secara maksimal diserap melalui program tersebut sebagai upaya mempersiapkan Indonesia Emas 2045,"" kata Dadang dalam keterangannya dikutip Rabu (18/10). Menurut Dadang, program ini terbuka bagi siswa SMA/MA sederajat yang berprestasi akademik dan non-akademik, serta berasal dari keluarga kurang mampu. Selain itu, ia pun kembali mengusulkan agar pengelolaan SMA dikembalikan kembali kepada pemerintah kabupaten/kota sehingga dapat mengurangi kendala pemerintah daerah dalam menaikkan kualitas pendidikan masyarakat di daerahnya. ""Mengulas dari berbagai data yang ada, pada dasarnya partisipasi masyarakat untuk menempuh pendidikan tinggi di Indonesia mengalami peningkatan yang sangat signifikan meskipun ada kesenjangan antardaerah dalam menyediakan pendidikan tinggi di daerahnya sehingga belum merata, salah satu contohnya di Kabupaten Bandung,"" ujarnya. Dalam kesempatan ini, Bupati yang akarab disapa DS menceritakan bahwa masyarakat Kabupaten Bandung menunjukkan animo yang tinggi untuk melanjutkan pendidikan tinggi, tetapi kendala ekonomi sering menjadi hambatan. ""Saya menganggarkan kuota beasiswa pendidikan untuk masuk ke perguruan tinggi sebanyak 85 orang pada tahun 2022, tetapi yang daftar dalam satu minggu mencapai 1.300 orang,"" ujarnya. Demikian juga pada 2023, pihaknya meningkatkan kuota menjadi 125 penerima beasiswa, tetapi yang mendaftar hampir 3.000 orang. ""Maka dari itu, pemerintah harus hadir dan kami di Kabupaten Bandung kembali menambah kuota menjadi 250 beasiswa pada 2024,"" jelasnya. Kang DS juga berharap langkah yang sama dapat dicontoh oleh para kepala daerah lainnya di seluruh Indonesia agar dapat memberikan kesempatan melanjutkan pendidikan bagi putra-putri daerah yang berprestasi. ""Tentu menjadi sebuah ironi jika pendapatan daerahnya tinggi, tapi masih ada putra-putri daerah bibit unggul dan berprestasi yang ternyata belum mendapatkan kesempatan pendidikan yang tinggi,"" tambahnya. Selain itu, dalam rangka meningkatkan kualitas SDM dan pendidikan daerah juga dilakukan APKASI melalui sejumlah program strategis. Antara lain, memberikan pelatihan matematika dan Bahasa Inggris cepat dan menyenangkan bagi 200.000 guru di Indonesia, menyediakan beasiswa ke luar negeri, dan beasiswa ke Timur-Tengah. Sementara Ketua Dewan Pembina APKASI, Sokhiatulo Laoli, mengungkapkan permasalahan serius dalam kesenjangan pendidikan di Indonesia ada di luar pulau Jawa. Faktor seperti keterbatasan akses ke lembaga pendidikan tinggi dan kurangnya guru telah memengaruhi kualitas sumber daya manusia di daerah. Namun demikian, ia mengapresiasi program ini dan berharap dapat berjalan sukses atas kerja sama antara anggota APKASI, mitra, PTN, dan kementerian terkait. ""Saya mengapresiasi program-program APKASI yang telah berjalan selama tujuh tahun terakhir, terutama dalam bidang pendidikan, dan semoga Program Beasiswa Indonesia Emas-Daerah ini dapat berjalan sukses,"" ujarnya. Dengan kuota 5.000 beasiswa, Sokhiatulo juga berharap program tersebut dapat menciptakan putra-putri terbaik daerah yang akan menjadi agen perubahan dalam pembangunan daerah di masa depan.",https://www.cnnindonesia.com/nasional/20231018141137-25-1012835/apkasi-luncurkan-5000-beasiswa-untuk-menekan-kesenjangan-pendidikan
2023/07/07 19:00:26,Viral Siswa Semarang Diterima di 21 Kampus Luar Negeri Bergengsi,"Kabar soal siswa SMA Negeri 3 Semarang Maulana Fatahillah Adzima yang diterima di 21kampusbergengsi luar negeri tengah ramai jadi perbincangan dimedia sosialdalam beberapa hari terakhir. Total, Maulana disebut mendapatkan 27letter of acceptance(LOA). Kabar ini pertama kali disampaikan di akun Instagram resmi SMAN 3 Semarang yang mengaku bangga dengan prestasi Maulana. ""Maulana Fatahillah Adzima, siswa SMAN 3 Semarang yang baru saja lulus bulan Mei 2023 lalu telah menorehkan prestasi yang sangat membanggakan. Maulana diterima di 21 universitas luar negeri yang tersebar di 8 negara,"" tulis SMAN 3 Semarang dalam unggahan Instagram-nya, akhir Juni lalu. Maulana memang beberapa kali mengharumkan nama sekolah berkat sejumlah prestasi yang diraihnya. ""Selama menjadi siswa SMA Negeri 3 Semarang, Maulana memiliki segudang prestasi di dunia olimpiade khususnya Olimpiade Sains Nasional (OSN) bidang geografi dan kebumian yang menghantarkan dirinya menjadi salah satu penerima Beasiswa Indonesia Maju (BIM) yang diselenggarakan oleh Pusat Prestasi Nasional,"" tulis pihak sekolah. [Gambas:Instagram] Maulana diterima di 27 universitas bergengsi dunia yang berada di 8 negara. Berikut daftar universitas dan jurusannya. 1. University of California, Berkeley (AS) - Civil Engineering2. Wageningen University (Belanda) - Environmental Sciences3. University of New South Wales (Australia) - Civil Engineering4. University of Sydney (Australia) - Civil Engineering5. University of Toronto Scarborough (Kanada) - Physical and Environmental Sciences6. University of British Columbia (Kanada) - Civil Engineering7. Monash University (Australia) - Civil Engineering8. University of Western Australia (Australia) - Civil Engineering9. University of California, Davis (AS) - Civil Engineering10. University of Toronto. St. George (Kanada) - Civil Engineering11. University of Toronto, Mississauga (Kanada) Chemical and Physical Sciences12. Wageningen University (Belanda) - Food Technology13. Wageningen University (Belanda) - Marine Sciences14. Nanyang Technological University (Singapura) - Civil Engineering15. Saint Andrews University (Amerika) Pre-Med and Business Administration16. University of Michigan-Dearborn - Mechanical Engineering (Amerika)17. Saint Louis University (Spanyol) Mechanical Engineering18. Missouri University of Science and Technology (AS) - Civil Engineering19. Drake University (AS) - Environmental Science20. University of Michigan-Flint (AS) - Mechanical Engineering21. University of Manchester (Inggris) - Civil Engineering22. University of Manchester (Inggris) - Environmental Science23. University of Manchester (Inggris) - Earth and Planetary Science24. University of Dundee (Inggris) - Environmental Science and Geography25. University of Maryland (Amerika) - Civil Engineering26. Bradley University (Amerika) - Civil Engineering27. American University in Bulgaria (Bulgaria) - Computer Science Dari daftar universitas dan jurusan sebanyak ini, Maulana mantap mengambil studi di UC Berkeley di AS. ""Dengan diterima oleh 21 Universitas Top Luar Negeri, Maulana memantapkan dirinya untuk melanjutkan studi di UC Berkeley, Amerika Serikat jurusan Civil Engineering,"" tulis pihak sekolah. Maulana juga sempat mengunggah sebuah video di akun TikTok miliknya menyampaikan kabar yang sama. Hingga saat ini, video tersebut telah disukai oleh lebih dari 650 ribu pengguna. Unggahan itu juga dibanjiri komentar netizen yang terkagum berjemaah. ""Mohon maaf ini universitas kuliah apa sponsor? Banyakbener,"" tulis akun Ankylosaurus. ""Ini milih sambilmeremjuga enggak akannyesal,"" tulis akun C. ""Spillcara belajarnya dan amalan apaajabuat beruntung kayak mas-nya ini?"" tulis Fitriyaniii.",https://www.cnnindonesia.com/gaya-hidup/20230707163929-277-970828/viral-siswa-semarang-diterima-di-21-kampus-luar-negeri-bergengsi
2023/06/20 13:10:57,Prabowo Beri Beasiswa untuk 22 Pemuda Palestina Kuliah di Unhan,"Sebanyak 22 pemuda Palestina akan mendapatkan beasiswa belajar di Universitas Pertahanan (Unhan). Hal itu menyusul penandatanganan kerja sama di bidang pendidikan antara Pemerintah Palestina dan Unhan. Menteri Pertahanan (Menhan) Prabowo Subianto menyaksikan langsung penandatanganan kerja sama bidang pendidikan yang dilakukan di Ruang Bhinneka Tunggal Ika, Kementerian Pertahanan, Jakarta. Kerja sama ini ditandatangani oleh Rektor Universitas Pertahanan (Unhan) Laksdya TNI Amarulla Octavian dan Duta Besar Palestina untuk Indonesia Zuhair Al-Shun. ""Baru saja kita saksikan bersama penandatanganan kerja sama antara rektor Universitas Pertahanan dengan Palestina, di mana kerja sama ini meliputi beasiswa untuk pemuda pemudi Palestina untuk menjadi adat siswa di Unhan,"" kata Prabowo dikutip Selasa (20/6). Selanjutnya, pemerintah Palestina dan Unhan akan melakukan seleksi untuk memilih pemuda yang beruntung mendapatkan beasiswa tersebut. Mereka yang diseleksi dari beberapa bidang. ""22 pemuda pemudi Palestina yang akan diseleksi oleh Palestina dengan Unhan di bidang kedokteran, farmasi, teknik dan MIPA, matematika dan ilmu pasti alam, kimia, biologi, fisika. (Bidang) teknik ada teknik sipil dan sebagainya, kedokteran dan farmasi,"" kata Prabowo. Prabowo menambahkan, beasiswa yang diterima merupakan beasiswa penuh yang mencakup seluruh komponen, dari biaya hidup hingga kebutuhan pembelajaran. Diharapkan kerja sama seperti ini bisa berkelanjutan. ""Untuk tahun ini kita lihat perkembangan, harapannya bisa tiap tahun dan ini adalah penuh, termasuk biaya hidup. Nilai persisnya akan dicek, pokoknya yang akan ikut program kita sesuai dengan kurikulum kita dengan standar yang sudah kita tetapkan bersama anak-anak kita,"" ucap Prabowo Subianto. Sementara itu Zuhair Al-Shun menilai program beasiswa itu merupakan wujud kerja sama yang penting antara dua negara. ""Hari ini kami menandatangani kerja sama pendidikan, dan segera 22 mahasiswa Palestina akan menempuh pendidikan di Indonesia,"" beber Mohammed Ibrahim Shtayyeh. Dia juga menyampaikan rasa terima kasih dan syukur-nya atas berbagai dukungan yang diberikan oleh Indonesia untuk Palestina, baik itu dalam jalur-jalur diplomasi maupun pada peningkatan kesejahteraan dan sektor pendidikan. ""Kami selalu bersama dengan Indonesia,"" tuturnya.",https://www.cnnindonesia.com/nasional/20230620123949-25-964218/prabowo-beri-beasiswa-untuk-22-pemuda-palestina-kuliah-di-unhan
2023/06/08 13:04:32,UI Respons Ratusan Maba Protes Biaya Tak Sesuai Kemampuan Finansial,"Universitas Indonesia (UI) merespons kabar ratusan calonmahasiswabaru jalur Seleksi Nasional Berdasarkan Prestasi (SNBP) yang keberatan dengan Biaya Operasional Pendidikan (BOP) Para calon mahasiswa baru itu menilai biaya operasional yang ditetapkan tak sesuai dengan kemampuan finansial. Kepala Biro Humas dan KIP UI Amelita Lusia lalu menjelaskan bahwa mekanisme dalam penetapan biaya kuliah dilakukan dengan mempertimbangkan berbagai aspek. Amelita menyebut pada prinsipnya, tidak ada mahasiswa yang sudah diterima di UI tidak jadi kuliah karena alasan finansial. Ia mengklaim ada mahasiswa yang dikenai biaya kuliah Rp500 ribu hingga Rp1 juta. Hal itu karena disesuaikan dengan profil dan latar belakang mahasiswa. ""Biaya kuliah yang ditetapkan tersebut kemudian ada yang diterima oleh mahasiswa, ada yang mengajukan permohonan pembayaran biaya kuliah dengan menyicil, ada pula yang mengajukan proses validasi ulang karena berbagai hal seperti yang saat ini sedang berlangsung,"" ujar Amelita kepadaCNNIndonesia.com, Rabu (7/6) malam. Proses validasi itu, kata Amelita, masih berlangsung hingga sekarang. Adapun hasil penetapannya baru akan diumumkan pada 20 Juni 2023 mendatang. ""Jadi, karena masih berproses, kami mohon agar bersabar karena belum final,"" kata dia. Ketua BEM UI Melki Sedek Huang sebelumnya mengatakan ada ratusan maba UI jalur SNBP merasa keberatan dengan BOP karena dianggap tak sesuai dengan kemampuan finansial. Melki menyebut BOP mahasiswa baru jalur seleksi nasional tahun ajaran 2023/2024 telah ditetapkan pada 31 Mei 2023. Namun, Melki mengatakan nominal yang diberikan sangat mengecewakan dan jauh dari asas berkeadilan. ""Tercatat 692 mahasiswa baru atau satu pertiga dari total mahasiswa jalur nasional mengeluhkan penetapan BOP yang tidak sesuai dengan kemampuan finansialnya,"" ujar Melki lewat unggahan di Instagram BEM UI. Data ratusan mahasiswa tersebut didapatkan Melki dari survei BEM UI. Menurut dia, survei itu berisikan data valid mahasiswa baru UI angkatan 2023 jalur SNBP. Melki menilai jumlah mahasiswa baru yang mengeluh itu dapat dipastikan akan terus bertambah. Hal itu mengingat jalur-jalur penerimaan lain yang belum terlaksana. ""Seluruh mahasiswa baru sebelumnya telah mengisi data kemampuan ekonominya juga melengkapi semua berkas yang dibutuhkan. Tapi bodohnya UI malah tetap menetapkan biaya pendidikan tertinggi (Rp17,5-Rp20 Juta) bagi mayoritas mahasiswa baru,"" kata Melki dalam keterangannya, Rabu (7/6). Melki mengaku belum menerima respons klarifikasi dari pimpinan UI hingga saat ini. Padahal, ia menyebut media sosial Twitter, Tiktok, dan Instagram telah dipenuhi kritik dan keluhan dari mahasiswa baru UI. ""Tindakan UI jelas-jelas menyalahi prinsip berkeadilan dalam Surat Keputusan Rektor Tahun 2023 No. 402 tentang Biaya Pendidikan, di mana penetapan tarif Uang Kuliah Tunggal (UKT) ditentukan dengan memperhatikan kemampuan ekonomi mahasiswa,"" tutur dia. Kemudian, Melki pun bertanya apakah UI masih menjadi lembaga pendidikan. ""Atau jangan-jangan UI hanya melihat mahasiswanya sebagai komoditas pasar?"" tambah dia.",https://www.cnnindonesia.com/nasional/20230608115830-20-959213/ui-respons-ratusan-maba-protes-biaya-tak-sesuai-kemampuan-finansial
2023/05/10 14:51:30,VIDEO: Beasiswa Pendidikan Indonesia 2023 Dibuka,"Beasiswa Pendidikan Indonesia, atau BPI kembali digelar tahun ini. BPI sendiri adalah beasiswa mulai S1 hingga S3 dari Kemendikbud Ristek dengan pendanaan dari lembaga pengelola dana pendidikan atau LPDP Kementerian Keuangan. Pendanaan ini meliputi dana pendidikan hingga dana pendukung, seperti dana hidup bulanan dan tunjangan keluarga. Meski begitu, masih banyak calon sasaran yang belum mengetahui adanya beasiswa ini.",https://www.cnnindonesia.com/tv/20230510144729-405-947799/video-beasiswa-pendidikan-indonesia-2023-dibuka
2023/05/05 21:25:43,"Kerja Sambil Kuliah, Insan PNM Ini Buktikan Buah Manis Pendidikan","PT Permodalan Nasional Madani (PNM) terus melakukan pemberdayaan. Bukan hanya kepada nasabah tetapi juga karyawan sebagai garda terdepan bisnis perusahaan pembiayaan yang tergabung dalam Holding Ultra Mikro. Dyah Ayu Febrianti Wabang merupakan salah satu Insan PNM yang merasakan manfaat dari pemberdayaan karyawan melalui beasiswa pendidikan. Ayu bergabung menjadi Account Officer (AO) PNM sejak 2018. Ayu berkesempatan bertemu dengan Menteri BUMN RI, Erick Thohir di Kantor Pusat PNM pada 2021 silam. Sebagai AO berprestasi, Ia pun mendapatkan beasiswa pendidikan S1 dan mengambil jurusan manajemen di Universitas Terbuka. Ayu melanjutkan jenjang pendidikan karena akan membantunya mengembangkan karir dan pola pikir. ""Kuliah sambil kerja banyak sekali tantangannya, tapi kalau saya tidak menjalani kuliah ini dengan sungguh-sungguh saya yang rugi. Apalagi sejak kuliah saya jadi melihat banyak perspektif baru yang sebelumnya tidak terpikirkan,"" kata Ayu dikutip Jumat (5/5). Ayu yang saat ini sudah memasuki perkuliahan semester lima merasa termotivasi bisa tetap bekerja sambil berkuliah. Baginya, jika saat kuliah Ayu belajar mengenai teori manajemen, saat di lapangan bertemu dengan nasabah ultra mikro Ia bisa langsung menerapkan apa yang dipelajari saat kuliah. ""Jadi yang saya dapatkan komplit. Teori dan praktiknya bisa langsung diselaraskan,"" ujar Ayu. Hasil kerja kerasnya pun membuahkan hasil. Kinerja dan pendidikan yang sedang dijalaninya membawa Ayu pada tingkat karir yang meningkat di PNM dari Account Officer menjadi Kepala Unit Mekaar Alor Barat Laut, NTT. Ayu semakin yakin pentingnya pendidikan bagi generasi muda khususnya perempuan yang telah bekerja. Butuh usaha ekstra untuk menjalani peran ganda sebagai pekerja dan mahasiswa. Namun, Ayu terus mengingatkan teman-temannya untuk kuliah sesegera mungkin agar apa yang dipelajari bisa bermanfaat bagi diri sendiri dan juga masyarakat prasejahtera. ""Biasanya kalau sudah keenakan kerja banyak ragunya untuk mulai kuliah. Makanya harus punya tekad yang kuat dan konsisten menjalaninya. Apalagi buat perempuan, nanti akan jadi ibu, pertimbangannya pasti akan lebih banyak lagi,"" kata Ayu. Sebagai perusahaan yang telah menyalurkan pembiayaan lebih dari Rp19 Triliun kepada nasabah (periode Januari - Maret 2023), PNM berkomitmen untuk terus tumbuh dengan memberikan kontribusi bagi ekonomi nasional, juga peduli dengan memberikan manfaat pada sektor pendidikan.",https://www.cnnindonesia.com/ekonomi/20230505205543-104-945918/kerja-sambil-kuliah-insan-pnm-ini-buktikan-buah-manis-pendidikan
2023/03/31 04:00:02,"Daftar Kampus Komunikasi Terbaik di Indonesia, Asia, Dunia QS WUR 2023","Komunikasi jadi salah satu pilihanstudiyang banyak dipilih mahasiswa masa kini. Berikut daftarkampuskomunikasi terbaik di Indonesia, Asia, dan dunia yang bisa dijadikan pertimbangan. Ilmu komunikasi pada dasarnya merupakan studi yang mempelajari proses penyampaian pesan secara efektif dari pemberi ke penerima pesan melalui berbagai medium. Dalam studi komunikasi, mahasiswa akan mempelajari banyak hal mulai dari media massa, periklanan, hingga komunikasi media sosial. Kesempatan karier bagi lulusan studi komunikasi juga terbilang tinggi. Tak heran jika studi ini diburu banyak orang. QS World University Ranking (WUR) telah merilis daftar pemeringkatan kampus-kampus terbaik di dunia teranyarnya. Pemeringkatan ini mengikutsertakan lebih dari 1.500 institusi pendidikan di dunia. Lantas, apa kampus komunikasi terbaik di Indonesia versi QS WUR 2023? Dalam daftar tersebut, hanya ada 1 perguruan tinggi di Indonesia yang dinilai memiliki studi komunikasi terbaik versi QS WUR. Kampus itu adalah Universitas Indonesia. Studi komunikasi di UI berada pada peringkat sekitar 201-250 di dunia. Namun, tak ada nilai skor keseluruhan yang didapat kampus tersebut. Di UI, studi komunikasi berada di bawah Fakultas Ilmu Sosial dan Politik (FISIP). Ada juga beberapa kampus komunikasi terbaik di Asia berdasarkan pemeringkatan tersebut. Berikut di antaranya: Nilai skor keseluruhan: 90Ranking di dunia: 6 Nilai skor keseluruhan: 84,7Ranking di dunia: 20 Nilai skor keseluruhan: 83,7Ranking di dunia: 23 Nilai skor keseluruhan: 80,5Ranking di dunia: 37 Nilai skor keseluruhan: 80,4Ranking di dunia: 38 Nilai skor keseluruhan: 79,8Ranking di dunia: 43 Nilai skor keseluruhan: 79,1Ranking di dunia: 49 Ini adalah informasi bagi Anda yang ingin meneruskan pendidikan tinggi di luar negeri. Anda bisa memilih satu di antara kampus komunikasi terbaik di dunia berikut ini. 1. University of Amsterdam, Belanda Skor: 97,2 2. University of Southern Carolina, AS Skor: 92,7 3. The London School of Economics and Political Science (LSE), Inggris Skor: 91,7 4. Stanford University, AS Skor: 90,9 5. University of Texas at Austin, AS Skor: 90,6 6. Nanyang Technological University (NTU) Singapura Skor: 90 7. University of Pennsylvania, AS Skor: 88,9 8. University of Wisconsin-Madison, AS Skor: 88,4 9. Michigan State University, AS Skor: 87,2 10. New York University (NYU) Skor: 86,8 Demikian daftar kampus komunikasi terbaik di Indonesia, Asia, dan dunia yang bisa dijadikan pertimbangan.",https://www.cnnindonesia.com/gaya-hidup/20230330174529-284-931515/daftar-kampus-komunikasi-terbaik-di-indonesia-asia-dunia-qs-wur-2023
2023/03/30 12:45:42,Daftar 5 Perguruan Tinggi Terbaik di Indonesia Versi QS WUR 2023,"Seperti tahun-tahun sebelumnya, World University Ranking (WUR) kembali merilis daftar kampus terbaik. Dari daftar tersebut, apa saja kampus yang masuk daftarperguruan tinggiterbaik di Indonesia? Pada tahun ini, Massachusetts Institute of Technology (MIT), Amerika Serikat (AS) jadi kampus terbaik di dunia versi QS WUR. Selain MIT, ada juga beberapa kampus lain yang mejeng di posisi tiga teratas seperti Cambridge University, Inggris dan Stanford University, AS. Lantas, bagaimana dengan kampus di Indonesia? Tak ada satu pun kampus Indonesia yang berhasil masuk jajaran 100 besar kampus terbaik di dunia. Di tingkat Asia, tercatat hanya ada empat kampus yang masuk dalam jajaran 100 besar. Keempat kampus tersebut di antaranya Universitas Gadjah Mada (UGM), Institut Teknologi Bandung (ITB), Universitas Indonesia (UI), dan Universitas Airlangga (UNAIR). Pemeringkatan ini dibuat dari hampir 1.500 institusi pendidikan di seluruh dunia. Beberapa kriteria yang digunakan mulai dari reputasi akademik hingga jumlah siswa internasional yang terdaftar. Daftar ini juga memuat pemeringkatan kampus-kampus terbaik di masing-masing negara. Berikut beberapa perguruan tinggi terbaik di Indonesia versi QS WUR 2023. Berlokasi di DI Yogyakarta, UGM jadi kampus terbaik di Indonesia. Kampus ini memiliki skor keseluruhan 40,2. Di tingkat Asia, UGM berada di posisi 60 besar. Sementara di dunia, UGM berdiri di posisi 231. Perguruan tinggi yang ada di Bandung ini juga jadi salah satu kampus terbaik. ITB memiliki nilai skor keseluruhan 39,5. Sama seperti UGM, ITB juga masuk daftar 60 besar perguruan tinggi terbaik di Asia. Sementara di tingkat dunia, ITB duduk di peringkat 235. Universitas Indonesia (UI) berlokasi di Depok, Jawa Barat. Perguruan tinggi negeri (PTN) ini mendapatkan nilai skor keseluruhan 38,7. Sama seperti UGM dan ITB, UI juga masuk daftar 60 besar kampus terbaik di Asia. Sementara di dunia, UI duduk di peringkat ke-248. Berlokasi di Surabaya, Jawa Timur, UNAIR memiliki nilai skor keseluruhan 29,9. Di Asia, kampus satu ini masuk daftar 100 besar. Sementara di dunia, UNAIR cukup berbangga dengan berada di peringkat ke-369. PTN yang berada di Bogor, Jawa Barat ini memiliki nilai skor keseluruhan 26,2. Di dunia, IPB duduk pada peringkat ke-449. Selain lima daftar di atas, ada juga beberapa kampus lain yang masuk dalam jajaran 10 besar. Namun, tak dijelaskan dengan pasti nilai skor keseluruhan yang dimiliki kampus-kampus tersebut. Berikut di antaranya: 6. Institut Teknologi Sepuluh Nopember (ITS) Surabaya, Jawa Timur (peringkat 701-750 di dunia) 7. Universitas Padjadjaran (Unpad) Bandung, Jawa Barat (peringkat 751-800 di dunia) 8. Universitas Diponegoro, Semarang, Jawa Tengah (peringkat 801-1000 di dunia) 9. Universitas Brawijaya, Malang, Jawa Timur (peringkat 801-1000 di dunia) 10. Bina Nusantara University (BINUS) Jakarta (peringkat 1001-1200 di dunia)",https://www.cnnindonesia.com/gaya-hidup/20230330104030-284-931198/daftar-5-perguruan-tinggi-terbaik-di-indonesia-versi-qs-wur-2023
2023/03/15 20:15:15,Temukan Universitas Internasional Lewat Indonesia Education Fair,"Indonesia Education Fair akan hadir selama dua hari di Jakarta pada 25 & 26 Maret. Acara ini akan memberikan kesempatan kepada siswa dan wali untuk bertemu langsung dengan 100 universitas dan perguruan tinggi terkemuka dari 10 negara lebih. Acara ini menawarkan kesempatan unik untuk mendapatkan saran serta masukan gratis yang dipersonalisasi langsung dari staf penerimaan universitas dari seluruh dunia. Indonesia Education Fairakan diorganisir oleh BMI & Times Higher Education, pemilik World University Ranking bergengsi, dan didukung Kementerian Pendidikan, Kebudayaan, Riset, dan Teknologi. Acara ini diselenggarakan karena ketertarikan pada institusi pendidikan tinggi internasional kian melonjak. Bahkan, jumlah pendaftaran meningkat sebanyak dua hingga tiga kali lipat pada universitas di Australia, AS, dan Inggris. Akibatnya, masuk ke Universitas terbaik menjadi semakin kompetitif. Sehingga semakin penting bagi siswa untuk dapat unggul selama proses seleksi. Cara yang paling efektif untuk mencapai hal tersebut adalah dengan bertemu langsung dengan orang-orang yang membuat keputusan penerimaan kampus. Peluang inilah yang akan tersedia pada Indonesia Education Fair. CEO dari Indonesia Education Fair Samir Zaveri mengatakan, selama beberapa dekade pihaknya telah menjalankan rangkaian acara ini di Timur Tengah, Asia, Eropa, Afrika, dan Amerika. ""Untuk Indonesia khususnya, kami telah melihat standar pendidikan meningkat dan kami tahu betapa pentingnya bagi keluarga di sini untuk memiliki akses ke kesempatan pendidikan terbaik di dunia,"" kata Samir dalam keterangannya, Rabu (15/3). ""Kami membawa lebih dari institusi luar biasa dari seluruh dunia, sehingga lebih mudah dan nyaman bagi siswa di Indonesia untuk menemukan program studi yang sempurna dan membentuk masa depan akademik dan profesional mereka,"" ujarnya. Sejumlah pakar akan hadir dalam acara ini, dengan perwakilan dari lebih dari 40 institusi yang menampilkan beragam program sarjana, pascasarjana, eksekutif dan kursus singkat yang mencakup segala hal mulai dari STEM hingga bisnis, media kreatif, seni dan humaniora, AI dan teknologi digital, pariwisata, hingga perhotelan dan manajemen. Perwakilan dari organisasi pemerintah seperti Campus France, Education in Ireland akan hadir untuk menjelaskan prosedur visa dan imigrasi serta menunjukkan kualitas pendidikan yang ditawarkan di negara masing-masing. Selain itu, peserta akan menemukan berbagai sekolah menengah luar biasa, sekolah independen, dan program jalur bahasa untuk mendukung transisi ke perguruan tinggi. Daftar lengkap negara dan institusi yang berpartisipasi dapat ditemukan di bawah dan di situs web acara, bersama dengan jadwal seminar harian dari institusi terkenal dunia seperti Hanyang University Kores, Huron University, Purdue Universituy, University of Nottingham, Chinese University of Hong Kong dan Full Sail University dan masih banyak lainnya. Masuk ke pameran gratis, akan tetapi pengunjung sangat dianjurkan untukdaftar onlineterlebih dahulu untuk masuk dengan jalur cepat.",https://www.cnnindonesia.com/nasional/20230315193317-25-925592/temukan-universitas-internasional-lewat-indonesia-education-fair
2022/10/27 11:45:07,Daftar Terkini Universitas di Indonesia Berstatus PTN-BH,"Sejumlah limauniversitasnegeri telah ditetapkan oleh Presiden Joko Widodo (Jokowi) menjadi Perguruan Tinggi Negeri Badan Hukum atau PTN-BH melalui Peraturan Pemerintah (PP) pada 20 Oktober lalu. Lantas, apa saja daftar universitas PTNBH terkini? Lima universitas tersebut termasuk Universitas Negeri Yogyakarta (UNY), Universitas Negeri Semarang (Unnes), Universitas Negeri Surabaya (Unesa), Universitas Syiah Kuala (Unsyiah), dan Universitas Terbuka. ""Dengan ditandatanganinya oleh Presiden Republik Indonesia Ir. Joko Widodo PP No. 36 Tahun 2022 tentang Perguruan Tinggi Badan Hukum Universitas Negeri Semarang, tertanggal 20 Oktober 2022. Maka terhitung sejak tanggal tersebut UNNES resmi berubah status kelembagaan dari PTN-BLU menjadi PTN-BH,"" ujar RektorUnnes, Fathur Rokhman, dikutip dari laman resmi kampus, Rabu (26/10). Fathur Rokhman menjelaskan, PTNBH merupakan cita-cita besar Unnes untuk menjadi perguruan tinggi kelas dunia dan membangun pendidikan yang berkualitas di Indonesia. Perguruan Tinggi Negeri Badan Hukum atau PTN-BH adalah perguruan tinggi yang didirikan pemerintah dengan status sebagai badan hukum publik yang otonom. PTN-BH bisa dikatakan sebagai tingkat teratas status universitas di Indonesia. Mengutip laman Pusat Layanan Pembiayaan Pendidikan Kementerian Pendidikan, Kebudayaan Riset dan Teknologi, daftar universitas PTNBH secara bertahap akan memperoleh dana abadi perguruan tinggi. Harapannya, dana abadi ini dapat menjadi pemacu untuk menjadikan perguruan tinggi berkelas dunia dan mendorong PTN lain yang belum menjadi PTN-BH bisa segera mengikuti. Dengan penambahan di atas, kini tercatat sebanyak 21 perguruan tinggi di Indonesia sudah berstatus sebagai PTN-BH. Adapun daftar universitas yang telah resmi menjadi PTN-BH antara lain: 1. Universitas Indonesia (UI)2. Institut Teknologi Bandung (ITB)3. Institut Pertanian Bogor (IPB)4. Universitas Gadjah Mada (UGM)5. Institut Teknologi Sepuluh Nopember (ITS)6. Universitas Padjadjaran (Unpad)7. Universitas Diponegoro (Undip)8. Universitas Airlangga (Unair)9. Universitas Brawijaya (UB)10. Universitas Sumatera Utara (USU)11. Universitas Hasanuddin (Unhas)12. Universitas Sebelas Maret (UNS)13. Universitas Pendidikan Indonesia (UPI)14. Universitas Negeri Malang (UM)15. Universitas Andalas (Unand)16. Universitas Negeri Padang (UNP)17. Universitas Negeri Semarang (UNNES)18. Universitas Negeri Surabaya (Unesa)19. Universitas Syiah Kuala (USK)20. Universitas Terbuka (UT)21. Universitas Negeri Yogyakarta (UNY) Demikian daftar universitas PTNBH yang perlu diketahui sejauh ini.",https://www.cnnindonesia.com/gaya-hidup/20221027074021-284-865917/daftar-terkini-universitas-di-indonesia-berstatus-ptn-bh
2022/10/13 14:30:26,Daftar 15 Kampus Terbaik di Indonesia Versi The WUR 2023,"Times Higher Education (THE) kembali merilis daftaruniversitasterbaik melalui The World University Rankings (THE WUR) 2023. Ada beberapa kampus terbaik Indonesia versi THE WUR 2023 yang perlu Anda tahu. Pemeringkatan ini bisa jadi pertimbangan bagi Anda yang tengah mencari kampus untuk kuliah. Mengutip lamanTHE, The WUR adalah pemeringkatan kampus-kampus terbaik di dunia. The WUR dibuat dengan menggunakan 13 indikator yang terbagi ke dalam lima bidang. Kelima bidang itu di antaranya lingkungan belajar, penelitian, pengaruh riset,international income, dan transfer pengetahuan. Pada tahun ini, University of Oxford kembali menduduki peringkat teratas selama tujuh tahun berturut-turut. Diikuti selanjutnya oleh Harvard University. Sementara Cambridge University melompat dari peringkat ke-5 pada tahun lalu menjadi peringkat ke-3. Tak hanya di dunia, pemeringkatan juga dilakukan pada masing-masing negara, termasuk di antaranya Indonesia. Dengan metodologi yang sama, berikut daftar kampus terbaik di Indonesia versi The WUR 2023: 1. Universitas Indonesia, Depok, Jawa Barat Peringkal global: 1001-1200 2. Universitas Airlangga, Surabaya, Jawa Timur Peringkat global: 1201-1500 3. Institut Teknologi Bandung, Bandung, Jawa Barat Peringkat global: 1201-1500 4. Binus University, Jakarta Peringkat global: 1201-1500 5. Universitas Gadjah Mada, DI Yogyakarta Peringkat global: 1201-1500 6. Universitas Hasanuddin, Makassar, Sulawesi Selatan Peringkat global: 1201-1500 7. Institut Pertanian Bogor, Bogor, Jawa Barat Peringkat global: 1201-1500 8. Universitas Pendidikan Indonesia, Bandung, Jawa Barat Peringkat global: 1201-1500 9. Universitas Sebelas Maret, Solo, Jawa Tengah Peringkat global: 1201-1500 10. Universitas Negeri Malang, Malang, Jawa Timur Peringkat global: 1201-1500 11. Institut Teknologi Sepuluh Nopember, Surabaya, Jawa Timur Peringkat global: 1201-1500 12. Universitas Brawijaya, Malang, Jawa Timur Peringkat global: 1501 ke bawah 13. Universitas Diponegoro, Semarang, Jawa Tengah Peringkat global: 1501 ke bawah 14. Universitas Islam Indonesia, DI Yogyakarta Peringkat global: 1501 ke bawah 15. Universitas Padjadjaran, Bandung, Jawa Barat Peringkat globat: 1501 ke bawah Demikian daftar kampus terbaik di Indonesia versi The WUR 2023.",https://www.cnnindonesia.com/gaya-hidup/20221013133407-284-860063/daftar-15-kampus-terbaik-di-indonesia-versi-the-wur-2023
2022/10/05 20:19:00,"Dukung Kemajuan Pendidikan, Freeport Sudah Beri Belasan Ribu Beasiswa","Sejak lama, pemberian beasiswa telah menjadi komitmen PT Freeport Indonesia (PTFI) sebagai bagian dari upaya memajukan pendidikan nasional. Setiap tahun, PT Freeport Indonesia menyediakan antara 1.000 sampai 1.500 beasiswa. Direktur Sustainability & Community Relation Claus Wamafma mengatakan, hingga saat ini PT Freeport Indonesia telah memberi lebih dari 12 ribu beasiswa. ""Baik (berbentuk) beasiswa, dukungan dalam bentuk infrastruktur maupun dukungan-dukungan lain untuk memastikan bahwa pendidikan ini bisa dinikmati pertama-tama oleh masyarakat di mana kami beroperasi, masyarakat Papua, kemudian masyarakat luas,"" kata Claus dalam kegiatan Orasi Ilmiah bertema Transformasi Ekonomi dan Hilirisasi dengan Kearifan Lokal, Rabu (5/10). Claus menjelaskan, sejak 1992, PT Freeport Indonesia telah berkontribusi hingga US$1,9 miliar untuk mendukung pembangunan dan pengembangan masyarakat di Papua dan wilayah lain di Indonesia. Pemberian beasiswa menjadi salah satu strategi untuk mendorong mahasiswa yang ke depannya diharapkan dapat berperan dalam hilirisasi industri. ""Bentuknya (dukungan) macam-macam, ada ekonomi, pendidikan, kesehatan, infrastruktur, dan hal-hal lain yang sifatnya mendukung transportasi di daerah-daerah,"" kata Claus. Pada kegiatan Orasi Ilmiah bertema Transformasi Ekonomi dan Hilirisasi dengan Kearifan Lokal yang digelar di Universitas Gadjah Mada, Jogjakarta pada Rabu (5/10), sebanyak 50 mahasiswa menerima beasiswa dari PT Freeport Indonesia. Hadir dalam kegiatan Orasi Ilmiah tersebut, adalah Menteri Investasi Bahlil Lahadalia, Chairman of the Board and Chief Executive Officer of Freeport-McMoRan Richard Adkerson, Presiden Direktur PT Freeport Indonesia Tony Wenas, serta Rektor UGM Ova Emilia.",https://www.cnnindonesia.com/ekonomi/20221005191938-630-856835/dukung-kemajuan-pendidikan-freeport-sudah-beri-belasan-ribu-beasiswa
2022/09/07 13:26:58,Nadiem Ubah Pola Seleksi Masuk Perguruan Tinggi Negeri,"MendikbudristekNadiem Makarimmengubah pola seleksi mahasiswa baru di perguruan tinggi negeri (PTN). Kini ada tiga jalur tanpa tes mata pelajaran seperti sebelumnya. Tidak ada pula pembedaan jurusan IPA dan IPS dalam seleksi masuk perguruan tinggi negeri. ""Kali ini berbeda. Dalam seleksi ini, tidak ada lagi tes mata pelajaran,"" kata Nadiem lewat siaran pers, Rabu (7/9). Seleksi masuk perguruan tinggi negara terdiri dari jalur prestasi, tes skolastik dan seleksi mandiri oleh kampus masing-masing. Masing-masing jalur memiliki perbedaan. Di jalur ini, seleksi akan fokus pada pencapaian siswa di seluruh mata pelajaran yang tertuang dalam buku rapor di SMA. Jalur ini menggantikan Seleksi Nasional Masuk PTN (SNMPTN). Rapor akan menjadi rujukan utama, sehingga siswa didorong untuk mendapat nilai yang baik di seluruh mata pelajaran serta aspek minat dan bakat. Pemeringkatan didasari 50 persen rata-rata nilai rapor seluruh mata pelajaran dan 50 persen komponen minat dan bakat. ""Nantinya peserta didik diharapkan agar menyadari bahwa semua mata pelajaran adalah penting dan agar mereka membangun prestasinya sesuai minat dan bakat,"" kata Nadiem. Seleksi juga tidak lagi ada pembedaan jurusan IPA dan IPS. Menurut Nadiem, pemisahan itu bertujuan agar seluruh pelajar memiliki kesempatan yang sama. ""Untuk sukses di masa depan peserta didik perlu memiliki kompetensi yang holistik dan lintas disipliner. Contohnya, seorang pengacara harus punya ilmu dasar tentang hukum, tetapi juga harus memiliki ilmu komunikasi yang jadi pembeda,"" ujar Mendikbudristek. Jalur ini berbeda dengan Seleksi Bersama Masuk PTN (SBMPTN) yang selama ini dilakukan. SBMPTN yang berisi tes berisi banyak materi dari berbagai mata pelajaran tidak akan dipakai lagi. Dalam seleksi ini, calon mahasiswa perguruan tinggi negeri hanya akan menghadapi tes kognitif, literasi dan penalaran beberapa mata pelajaran saja. ""Kali ini berbeda. Dalam seleksi ini, tidak ada lagi tes mata pelajaran, tetapi hanya tes skolastik yang mengukur empat hal yaitu potensi kognitif, penalaran matematika, literasi dalam bahasa Indonesia, dan literasi dalam bahasa Inggris,"" ucap Nadiem. ""Soal pada seleksi ini akan menitikberatkan kemampuan penalaran peserta didik, bukan hafalan,"" kata Nadiem. Seleksi mandiri digelar oleh masing-masing perguruan tinggi negeri. Pemerintah mengatur agar seleksi mandiri dilakukan secara lebih transparan. PTN harus melakukan beberapa hal sebelum dan setelah seleksi mandiri. Sebelum seleksi mandiri digelar, PTN wajib mengumumkan jumlah calon mahasiswa di tiap fakultas dan program studi. Kemudian, PTN juga harus mengumumkan metode penilaian yang terdiri dari tes mandiri, tes kerja sama lewat konsorsium perguruan tinggi. PTN pun harus mengumumkan besaran biaya yang dibebankan bagi calon mahasiswa yang lulus seleksi jalur mandiri. ""Sesudah pelaksanaan seleksi secara mandiri PTN diwajibkan mengumumkan beberapa hal, antara lain jumlah peserta seleksi yang lulus seleksi dan sisa kuota yang belum terisi,"" kata Nadiem. Ada pula masa sanggah usai pengumuman calon mahasiswa yang lolos seleksi sebanyak lima hari.",https://www.cnnindonesia.com/nasional/20220907130744-20-844532/nadiem-ubah-pola-seleksi-masuk-perguruan-tinggi-negeri
2022/08/16 17:04:10,Daftar 20 Perguruan Tinggi Terbaik di Indonesia 2022 versi Unirank,"Ada lebih dari 500 universitas atauperguruan tinggi, baik negeri maupun swasta yang tersebar di seluruh penjuru Indonesia. Kampus-kampus ini menawarkan berbagai modelpendidikandan jurusan yang beragam untuk para mahasiswanya. Sebuah lembaga pemeringkat universitas dari Sydney, Australia bernama Unirank membuat daftar peringkat universitas terbaik di Indonesia 2022. Berikut daftar perguruan tinggi terbaik Unirank 2022. Pemeringkatan yang dilakukan Unirank ditetapkan berdasarkan tiga faktor. Pertama adalah kampus yang terakreditasi oleh pemangku kebijakan lembaga pendidikan tinggi di Indonesia. Kedua, menawarkan jenjang pendidikan sarjana (S1), magister (S2), dan doktoral (S3). Faktor yang terakhir adalah memberikan pembelajaran formal dengan format tatap muka. Unirank memeringkatkan ratusan perguruan tinggi di Indonesia dari yang paling teratas hingga terbontot. Berikut daftar 20 perguruan tinggi terbaik Unirank 2022. 1. Universitas Indonesia2. Universitas Gadjah Mada3. Universitas Brawijaya4. Institut Teknologi Bandung5. Universitas Airlangga6. Universitas Bina Nusantara7. Universitas Padjadjaran8. Universitas Sebelas Maret9. Universitas Diponegoro10. Institut Pertanian Bogor 11. Universitas Telkom Bandung12. Institut Teknologi Sepuluh Nopember13. Universitas Pendidikan Indonesia14. Universitas Negeri Semarang15. Universitas Teknokrat Indonesia16. Universitas Negeri Yogyakarta17. Universitas Gunadarma18. Universitas Jenderal Soedirman19. Universitas Jember20. Universitas Negeri Malang Itulah perguruan tinggi terbaik unirank 2022 yang ada di Indonesia.",https://www.cnnindonesia.com/gaya-hidup/20220816163424-284-835389/daftar-20-perguruan-tinggi-terbaik-di-indonesia-2022-versi-unirank
2022/08/05 10:23:32,LPDP Ancam Tagih Biaya Kuliah Penerima Beasiswa 'Bandel' 100 Persen,"Lembaga Pengelola DanaPendidikan(LPDP) mendadak viral karena sejumlah penerimabeasiswaenggan pulang kampung ke Tanah Air demi mendapatkan beragam fasilitas gratis di luar negeri. Pemilik akun Twitter @VeritasArdentur mengunggah sebuah percakapan yang membahas penerima LPDP tak mau kembali ke Indonesia meski sudah lulus untuk menghindari pajak dan menikmati beragam fasilitas dari Pemerintah Inggris. Salah satu fasilitas yang dimaksud adalah menyekolahkan anak secara gratis. Hal itu biasanya dilakukan oleh sepasang suami istri. ""Jadi biasanya nih mereka laki bini. Pertama, lakinya sekolah phd, minimal empat tahun kan. Jadi mereka ada kesempatan sekolahin anak gratis empat tahun. Lakinya lulus bininya lanjut tuh sekolah. Jadi lakinya ada alasan tidak balik bilangnya, menemani istri sekolah. Jadi,at leastmereka dapat 10 tahun tinggal di sini (Inggris),"" tulis percakapan yang diunggah di akun Twitter milik @VeritasArdentur, dikutip Jumat (4/8). Dalam percakapan itu, ia juga menyatakan bahwa penerima LPDP sebagai parasit. Sebab, mereka dibiayai oleh pemerintah untuk sekolah di luar negeri dengan uang rakyat, tetapi tak mau kembali dan berkontribusi di Indonesia. ""Itu di Indonesia parasit, di Inggris juga parasit, karena mereka di sini tidak bayar pajak. Tapi menikmati semua fasilitas pemerintah Inggris yang gratis untuk rakyat-rakyat tidak mampu. Tidak tahu malu. Ini tuh sudah seperti sindikat,"" tulis percakapan itu. [Gambas:Video CNN] Informasi ini rupanya bukan hal baru. Direktur Utama LPDP Andin Hadiyanto mengatakan jumlah penerima beasiswa yang belum pulang ke Indonesia mencapai 138 orang. ""Alumni yang belum kembali pasca studi berjumlah 138 orang, sekitar 0,9 persen dari total 15.930 alumni,"" ucap Andin. Ia mengatakan LPDP telah memberikan surat peringatan kepada 138 penerima beasiswa tersebut. Selain itu, terdapat 175 alumni LPDP yang akhirnya kembali ke Tanah Air setelah diberikan surat peringatan oleh LPDP. Berdasarkan aturan LDPD, penerima beasiswa wajib pulang ke Indonesia maksimal 90 hari setelah tanggal kelulusan. ""Alumni wajib berada di Indonesia selambat-lambatnya 90 hari kalender setelah tanggal kelulusan penerima beasiswa berdasarkan dokumen kelulusan resmi dari perguruan tinggi tujuan,"" tutur Andin. Jika dilanggar, maka pihak LPDP akan memberikan sanksi berupa surat peringatan kepada penerima beasiswa. Kemudian, bila penerima beasiswa tak juga kembali ke Tanah Air dalam waktu 30 hari setelah surat peringatan diberikan, mereka wajib mengembalikan seluruh dana yang diperoleh selama masa studi di perguruan tinggi. ""Jika belum kembali dalam waktu 30 hari kalender setelah peringatan, pelanggar akan langsung dijatuhi sanksi berat dengan pencabutan status sebagai awardee (penerima beasiswa) LPDP dan wajib mengembalikan seluruh dana yang telah diperoleh,"" tutur Andin. Andin menjelaskan pemerintah mengizinkan penerima beasiswa untuk tinggal lebih lama di luar negeri asalkan bekerja di lembaga internasional, seperti Bank Dunia. Namun, jika masa kerja di lembaga internasional sudah habis, penerima beasiswa LPDP tetap wajib pulang ke Indonesia. ""Kewajiban kembali ke Indonesia akan tetap dihitung sesuai dengan ketentuan masa pengabdian yang telah disepakati,"" terang Andin. Ia mengatakan seluruh ketentuan itu tercantum dalam pedoman umum calon penerima beasiswa yang dapat diakses melalui laman resmi LPDP. Dengan demikian, penerima beasiswa seharusnya sudah paham aturan main LPDP sejak awal. Untuk meminimalisir pelanggaran, LPDP telah menggandeng Ditjen Imigrasi untuk menelusuri penerima beasiswa. Selain itu, LPDP juga melibatkanwhistle blower. ""LPDP terus meningkatkan rangkaian proses perbaikan dari mulai rekrutmen, sinergi dengan Ditjen Imigrasi, termasuk keterlibatan masyarakat sebagaiwhistle blower,"" jelas Andin.",https://www.cnnindonesia.com/ekonomi/20220805081843-532-830592/lpdp-ancam-tagih-biaya-kuliah-penerima-beasiswa-bandel-100-persen
2022/08/02 11:45:00,"Pahami LPDP, Beasiswa untuk Anak Bangsa dan Cara Mendapatkannya","Lembaga Pengelola DanaPendidikan(LPDP) pekan lalu ramai diperbincangkan di media sosial. Hal ini terjadi terkait kabar penerimabeasiswanegara ini enggan kembali dan mengabdi ke Indonesia. Padahal, dalam aturan jelas; penerima beasiswa wajib kembali dan mengabdi di Indonesia setelah selesai studi. Dalam Keputusan Direktur Utama LPDP, alumni yang telah menyelesaikan studi wajib berkontribusi untuk negeri sekurang-kurangnya dua kali masa studi, ditambah satu tahun secara berturut-turut. LPDP adalah satuan kerja di bawah Kementerian Keuangan yang mengelola dana pendidikan sesuai amanat Peraturan Menteri Keuangan (PMK) Nomor 252 Tahun 2010. LPDP kemudian ditetapkan sebagai Badan Layanan Umum (BLU) pada 30 Januari 2012 setelah disahkannya KMK Nomor 18 tahun 2012. Program yang ada di LPDP terdiri dari beasiswa, pendanaan riset dan pengelolaan dana (investasi). LPDP hadir dengan tujuan untuk mempersiapkan pemimpin masa depan serta mendorong inovasi bagi Indonesia. Lalu, anggaran beasiswa LPDP bersumber dari APBN dan merupakan bagian dari porsi dana pendidikan di tanah air. Pada tahun lalu, realisasi anggaran LPDP Rp3,07 triliun. Untuk tahun ini belum dijabarkan realisasi anggarannya. Menteri Keuangan Sri Mulyani berkali-kali menekankan pemerintah memberikan beasiswa sebagai bentuk investasi untuk anak bangsa yang berprestasi. Oleh karenanya, ia meminta para penerima beasiswa LPDP bisa memberi hasil nyata kepada negara. Hal itu sebagai cara membayar utang kepada bangsa karena telah diberikan hak istimewa. ""Ini berarti negara berinvestasi kepada Anda, ini tidak sekadar kita membagi-bagi beasiswa, tapi ini adalah upaya negara dan bangsa Indonesia menginvestasikan kepada Anda semua. Kalau namanya investasi, kita mengharapkan adanya hasil,"" kata Sri Mulyani dalam pembukaan beasiswa LPDP 2022 pada Jumat (25/2) lalu. Beasiwa LPDP tak terbatas dan terbuka untuk siapa saja yang memenuhi persyaratan. Dilansir dari lama resmi LPDP https://lpdp.kemenkeu.go.id/, disebutkan syarat untuk mengikuti program ini ada dua yakni syarat umum dan khusus untuk beasiswa reguler. 1. Warga Negara Indonesia; 2. Telah menyelesaikan studi program diploma empat (D4) atau sarjana (S1) untuk beasiswa magister; program magister (S2) untuk beasiswa doktor; atau diploma empat (D4)/sarjana (S1) langsung doktor dengan ketentuan sebagai berikut: - Perguruan tinggi dalam negeri yang terakreditasi oleh Badan Akreditasi Nasional Perguruan Tinggi (BAN-PT) - Perguruan tinggi kedinasan dalam negeri, - Perguruan tinggi luar negeri yang diakui oleh Direktorat Jenderal Pendidikan Tinggi Kementerian Pendidikan dan Kebudayaan Republik Indonesia atau Kedutaan Besar Republik Indonesia di negara asal perguruan tinggi. 3. Tidak sedang menempuh studi (on going) program magister ataupun doktor baik di perguruaan tinggi dalam negeri maupun perguruan tinggi di luar negeri; 4. Warga Negara Indonesia (WNI) yang telah menyelesaikan studi magister (S2) tidak diizinkan mendaftar pada program beasiswa magister dan Warga Negara Indonesia (WNI) yang telah menyelesaikan studi doktor (S3) tidak diizinkan mendaftar pada program beasiswa doktor. 5. Melampirkan Surat Rekomendasi dari akademisi bagi yang belum bekerja atau dari atasan bagi yang sudah bekerja; 6. Memilih Perguruan Tinggi Tujuan dan program studi sesuai dengan ketentuan LPDP; 7. Beasiswa hanya diperuntukkan untuk kelas reguler dan tidak diperuntukkan untuk kelas-kelas seperti kelas eksekutif, kelas khusus, kelas karyawan, kelas jarak jauh, kelas yang diselenggarakan bukan di perguruan tinggi induk, hingga kelas lainnya yang tidak memenuhi ketentuan LPDP; 8. Mengisi profil diri pada formulir pendaftaran online; 9. Menulis Personal Statement (tidak ada format khusus); 10. Menulis komitmen kembali ke Indonesia dan rencana kontribusi di Indonesia pasca studi; 11. Menulis Proposal Penelitian bagi pendaftar program pendidikan doktor. 1. Bersedia menandatangani surat pernyataan yang ditetapkan 2. Memenuhi ketentuan batas usia pendaftar pada 31 Desember di tahun pendaftaran yaitu: - pendaftar jenjang pendidikan magister berusia paling tinggi 35 (tiga puluh lima) tahun. - pendaftar jenjang pendidikan doktor berusia paling tinggi 40 (empat puluh) tahun. 3. Mengunggah dokumen Indeks Prestasi Kumulatif (IPK) dengan ketentuan sebagai berikut: - Pendaftar jenjang Magister wajib memiliki IPK pada jenjang studi sebelumnya sekurang-kurangnya 3 pada skala 4 atau yang setara yang dibuktikan dengan transkrip nilai yang asli atau telah dilegalisir. - Pendaftar jenjang Doktor wajib memiliki IPK pada jenjang studi sebelumnya sekurang-kurangnya 3,25 pada skala 4 atau yang setara yang dibuktikan dengan transkrip nilai yang asli atau telah dilegalisir. - Khusus untuk pendaftar jenjang Doktor dari program magister penelitian tanpa IPK, wajib melampirkan surat keterangan dari perguruan tinggi asal. - Bagi lulusan Luar Negeri Wajib melampirkan hasil konversi IPK yang dikonversi melalui tautan https://www.scholaro.com/gpa-calculator/ dan dilampirkan bersamaan dengan transkrip. 4. Mengunggah dokumen sertifikat kemampuan bahasa Inggris yang masih berlaku dan diterbitkan oleh ETS (www.ets.org), PTE Academic (www.pearsonpte.com) atau IELTS (www.ielts.org) dengan ketentuan sebagai berikut: - Pendaftar program magister dalam negeri skor minimal kemampuan bahasa Inggris TOEFL ITP 500, TOEFL iBT 61, PTE Academic 50, atau IELTS 6,0; - Pendaftar program magister luar negeri, skor minimal kemampuan bahasa Inggris TOEFL iBT 80, PTE Academic 58, atau IELTS 6,5; - Pendaftar program doktor dalam negeri skor minimal kemampuan bahasa Inggris TOEFL ITP 530, TOEFL iBT 70, PTE Academic 50, atau IELTS 6,0; - Pendaftar program doktor luar negeri skor minimal kemampuan bahasa Inggris TOEFL iBT 94, PTE Academic 65 atau IELTS 7,0; - Sertifikat TOEFL ITP yang berlaku harus berasal dari lembaga resmi penyelenggara tes TOEFL ITP di Indonesia. 5. Mengunggah surat keterangan menunda memulai studi dari Perguruan Tinggi Tujuan bagi pendaftar yang memiliki LoA Unconditional dengan waktu mulai studi yang tidak sesuai dengan ketentuan LPDP. Jika memenuhi semua syarat ini maka peserta bisa langsung melakukan pendaftaran. Ada tiga tahapan seleksi yang akan dilaksanakan untuk program beasiswa LPDP yakni, seleksi administrasi, seleksi bakat skolastik dan seleksi substansi. Tahapan seleksi ini akan dilakukan secara bertahap. Sementara cara pendaftaran program beasiswa LPDP adalah: - Mendaftar secara online dengan membuka laman beasiswalpdp.kemenkeu.go.id.- Melengkapi dan mengunggah semua dokumen yang dipersyaratkan pada aplikasi pendaftaran.- Lalu submit aplikasi pendaftaran untuk mendapatkan kode registrasi/pendaftaran. [Gambas:Video CNN] Bagi peserta yang lolos seleksi beasiswa LPDP, maka ada sejumah benefit yang akan diterima. Mulai dari biaya pendidikan hingga biaya hidup selama nenempuh pendidikan baik untuk yang ada di dalam maupun luar negeri. Benefit yang diberikan untuk peserta lolos seleksi terbagi menjadi dua yakni Biaya Pendidikan dan Biaya Pendukung. Ini diberikan hingga penerima menyelesaikan sekolahnya. Secara rinci, biaya pendidikan yang akan ditanggung oleh pemerintah adalah: - Biaya Pendaftaran - Biaya SPP/Tuition Fee - Tunjangan Buku - Biaya Penelitian Tesis/Disertasi - Biaya Bantuan Seminar Internasional - Biaya Bantuan Publikasi Jurnal Internasional Sementara itu, biaya pendukung yang ditanggung oleh pemerintah adalah: - Biaya Transportasi - Biaya Aplikasi Visa/Residence Permit - Biaya Asuransi Kesehatan - Biaya Hidup Bulanan - Biaya Kedatangan - Biaya keadaaan darurat (jika diperlukan) - Biaya Tunjangan keluarga (khusus doktoral dan dokter spesialis) Sedangkan untuk penerima beasiswa disabilitas, pemerintah memberikan biaya pendukung tambahan sebagai berikut: - Biaya aplikasi visa pendamping - Biaya transportasi pendamping - Biaya Asuransi Kesehatan pendamping - Dana Tunjangan Visa Pendamping - Biaya Pendukung Lainnya yang Disetujui LPDP",https://www.cnnindonesia.com/ekonomi/20220802082800-532-829048/pahami-lpdp-beasiswa-untuk-anak-bangsa-dan-cara-mendapatkannya
2022/06/23 15:00:03,Pengumuman Hasil SBMPTN 2022 Resmi Dipublikasi,"Pengumuman hasil Seleksi Bersama Masuk Perguruan Tinggi Negeri (SBMPTN) 2022 resmi dipublikasi sore ini, Kamis (23/6) mulai pukul 15.00 WIB. Hasil seleksi bersifat rahasia dan individu, sehingga yang bisa mengakses hanyalah peserta dan universitas terkait. LTMPT selaku lembaga penyelenggara tes perguruan tinggi nasional tidak akan membuka data pribadi beserta dan hasil seleksi ke publik. Untuk mengakses hasil seleksi, peserta dapat mengunjungi link pengumuman SBMPTN 2022 milik LTMPT atau melalui 33 situs resmi mirror PTN berikut ini. 1. Situs utama: https://pengumuman-sbmptn.ltmpt.ac.id2. Universitas Airlangga: https://sbmptn.unair.ac.id3. Universitas Pembangunan Nasional Veteran Jawa Timur: https://sbmptn.upnjatim.ac.id4. Universitas Sebelas Maret: https://sbmptn.uns.ac.id5. Universitas Sultan Ageng Tirtayasa: https://sbmptn.untirta.ac.id6. Universitas Lambung Mangkurat: https://sbmptn.ulm.ac.id7. Institut Pertanian Bogor: https://sbmptn.ipb.ac.id8. Universitas Negeri Makassar: https://sbmptn.unm.ac.id9. Universitas Gadjah Mada: https://sbmptn.ugm.ac.id10. Universitas Negeri Semarang: https://sbmptn.unnes.ac.id11. Universitas Negeri Jember: https://sbmptn.unej.ac.id12. Universitas Tanjung Pura: https://sbmptn.untan.ac.id13. Institut Teknologi Kalimantan: https://sbmptn.itk.ac.id14. Universitas Sam Ratulangi: https://sbmptn.unram.ac.id15. Universitas Indonesia: https://sbmptn.ui.ac.id16. Universitas Syiah Kuala: https://sbmptn.unsyiah.ac.id17. Universitas Negeri Medan: https://sbmptn.unimed.ac.id18. Universitas Negeri Padang: https://sbmptn.unp.ac.id19. Institut Teknologi Sepuluh Nopember: https://sbmptn.its.ac.id20. Universitas Malikussaleh: https://sbmptn.unimal.ac.id21. Universitas Andalas: https://sbmptn.unand.ac.id22. Universitas Negeri Surabaya: https://sbmptn.unesa.ac.id23. Universitas Negeri Yogyakarta: https://sbmptn.uny.ac.id24. Universitas Sumatera Utara: https://sbmptn.usu.ac.id25. Universitas Sam Ratulangi: https://sbmptn.unsrat.ac.id26. Institut Seni Budaya Indonesia: https://sbmptn.isbi.ac.id27. Universitas Sriwijaya: https://sbmptn.unsri.ac.id28. Institut Teknologi Bandung: https://sbmptn.itb.ac.id29. Universitas Hasanuddin: https://sbmptn.unhas.ac.id30. Universitas Padjajaran: https://sbmptn.unpad.ac.id31. Universitas Pembangunan Nasional Veteran Jakarta: https://sbmptn.upnvj.ac.id32. Universitas Singaperbangsa Karawang: https://sbmptn.unsika.ac.id33. Universitas Diponegoro: https://sbmptn.undip.ac.id Demikian cara cek pengumuman SBMPTN 2022. Untuk mengakses link pengumuman SBMPTN 2022, peserta akan diminta menginput data pribadi yang digunakan ketika melakukan pendaftaran.",https://www.cnnindonesia.com/nasional/20220623141701-20-812646/pengumuman-hasil-sbmptn-2022-resmi-dipublikasi
2022/01/27 06:53:28,29 Ribu Orang Terima Beasiswa LPDP Sejak 2013,"Lembaga Pengelola Dana Pendidikan (LPDP) mencatat telah menyalurkanbeasiswapendidikankepada lebih dari 29 ribu orang penerima sejak 2013. Sebagian di antaranya diklaim sudah jadi alumni dan berkarir di sektor publik.""Yang sudah jadi alumni ada 14.500 penerima dan ini sebagian besar bekerja di sektor publik,"" terang Direktur Utama LPDP Andin Hadiyanto dalam Rapat Dengar Pendapat bersama Komisi XI DPR RI dikutip dari Antara, Rabu (26/1). Ia mengungkapkan sebanyak 8.200 penerima beasiswa atau 61,68 persen alumni bekerja di sektor publik seperti berkarir sebagai akademisi, peneliti, pegawai negeri sipil (PNS), hingga anggota TNI/Polri. Sementara itu, 4.700 orang atau 35,84 persen alumni bekerja di sektor privat, seperti perusahaan swasta, perusahaan milik Badan Usaha Milik Negara (BUMN) atau BUMD, hingga berwirausaha. Sisanya, sebanyak 304 orang atau 2,28 persen alumni menjadi pekerja sosial, seperti Lembaga Swadaya Masyarakat (LSM). Sebagai informasi, tahun lalu saja, lembaga di bawah Kementerian Keuangan ini telah memberikan beasiswa pendidikan kepada 4.266 orang penerima dengan nilai mencapai Rp1,8 triliun. Rinciannya, 4.249 orang menerima beasiswa penuh, 17 orang menerima beasiswa partial, dan 17 orang lainnya menerima beasiswa disertasi.Tahun ini, LPDP menargetkan akan menyalurkan beasiswa kepada 4.000 orang penerima. LPDP bekerja sama dengan Kementerian Pendidikan, Kebudayaan, Riset, dan Teknologi (Kemendikbud Ristek) dan Kementerian Agama (Kemenag) untuk memberikan beasiswa degree (dengan gelar) masing-masing kepada 3.100 dan 1.000 penerima. Untuk beasiswanon degree, LPDP akan menyasar 25 ribu orang untuk Kemendikbud Ristek dan 20 ribu orang untuk Kemenag. [Gambas:Video CNN]",https://www.cnnindonesia.com/ekonomi/20220126195819-532-751673/29-ribu-orang-terima-beasiswa-lpdp-sejak-2013
2021/09/14 20:21:52,Kemendikbud: Lulusan Kampus Tertinggal 5 Tahun dari Industri,"Pelaksana Tugas (Plt) Dirjen DiktiKemendikbudristek, Nizam mengatakanlulusanperguruan tinggiselalu tertinggal dari kebutuhan dunia kerja. Bahkan tertinggal hingga lima tahun dari tren yang berkembang di dunia industri. ""Lulusan kita hari ini hasil pendidikan lima tahun yang lalu. Hingga antara perguruan tinggi dengan dunia kerja selalu tertinggal minimal lima tahun,"" kata Nizan dalam rapat di Komisi X DPR, Selasa (13/9). Nizam mengaku kerap menerima keluhan dari dunia industri terkait kompetensi lulusan perguruan tinggi di Indonesia yang tertinggal lima tahun. Dia lalu mengaku kesulitan untuk mengembangkan kurikulum karena perkembangan teknologi industri yang cepat Nizam berharap program merdeka belajar lewat program Kampus Merdeka di perguruan tinggi dapat mempersempit ketertinggalan itu. Kampus merdeka akan memberi keleluasaan kepada mahasiswa belajar di dunia industri. ""Ini merupakan satu terobosan untuk memastikan tidak ada kesenjangan antara apa yang terselenggara di PT, kurikulum yang berjalan, pendidikan yang berjalan, dan penelitian di PT, itunyambung,"" katanya. Nizam menerangkan, bahwa kampus merdeka merupakan konsep agar mahasiswa bisa belajar secara fleksibel. Menurut dia, hal itu yang saat ini telah dianut oleh banyak perguruan tinggi di luar negeri. ""Ini hanya bisa dilaksanakan dengan kolaborasi yang erat antara kampus dan kampus kehidupan. Antara dunia bisnis, industri, pemerintah, maupun masyarakat terus berkolaborasi dengan PT, tidak ada lagi mata rantai yang putus antara kampus dan kampus kehidupan,"" kata dia. Sementara itu, Direktur Jenderal (Dirjen) Pendidikan Vokasi Kemendikbudristek, Wikan Sakarinto mengatakan bahwa kurikulum industri seharusnya bisa masuk dalam kurikulum perguruan tinggi. ""Tidak cuma dibikin bersama, kurikulum industri harus boleh masuk kurikulum pendidikan tinggi kita,"" kata Wikan dalam rapat dengar pendapat dengan Komisi X DPR, Selasa (14/9).",https://www.cnnindonesia.com/nasional/20210914193855-20-694311/kemendikbud-lulusan-kampus-tertinggal-5-tahun-dari-industri
2021/07/27 14:53:15,Jokowi ke Kampus-kampus Tua: Tolong Lakukan Peremajaan,"PresidenJoko Widodomemintaperguruan tinggiyang sudah berusia tua untuk melakukan peremajaan kurikulum dan sistem pembelajaran. Menurutnya perlu dilakukan agar lebih kompetitif di tengah kemajuan zaman dan membawa Indonesia melebihi negara lain. Jokowi menyampaikan itu dalam acara Konvensi Kampus XVII dan Temu Tahunan XXIII Forum Rektor Indonesia 2021 yang digelar secara virtual, Selasa (27/7). ""Perguruan tinggi yang usianya sudah tua tolong segera lakukan peremajaan diri, peremajaan kurikulum dan sistem pembelajaran, peremajaan manajemen, dan perilaku agar tetap tangguh dan kompetitif di dunia yang baru,"" kata Jokowi. Jokowi juga ingin perguruan tinggi berbenah diri demi kemajuan Indonesia secara umum. Dia berharap perguruan tinggi bisa lebih progresif dan menyumbang peran penting terhadap kemajuan negara. ""Saya harap perguruan tinggi harus lebih progresif dalam membangun cara kerja baru untuk menyiapkan masa depan para mahasiswa kita dan untuk menyiapkan Indonesia mendahului negara-negara lain,"" tutur Jokowi. Mengenai perguruan tinggi yang masih tergolong muda, Jokowi mengatakan saat ini memiliki kans yang lebih besar untuk menghadapi perkembangan zaman. Perguruan tinggi yang masih muda, lanjutnya, tidak akan terbebani untuk membuang tradisi kerja masa lalu. Bisa langsung melompat ke cara kerja, kurikulum, maupun manajemen model baru. Dengan begitu, perguruan tinggi yang tergolong muda lebih mampu menerapkan segala hal yang relevan dengan keadaan saat ini. ""Disrupsi sekarang ini memberikan kesempatan kepada pendatang baru, kepada yang remaja untuk mendahului yang lama yang terbebani dengan cara-cara lama,"" ungkapnya.",https://www.cnnindonesia.com/nasional/20210727142152-20-672780/jokowi-ke-kampus-kampus-tua-tolong-lakukan-peremajaan
2021/07/22 10:47:32,Polemik Rektor UI Ari Kuncoro dan Suramnya Masa Depan Kampus,"Langkah PresidenJoko Widodomerevisi PP No. 75 tahun 2021 tentang Statuta Universitas Indonesia (UI) dinilai jadi ancaman berupa pengendalian oleh penguasa terhadap institusipendidikan. Diketahui, PP baru itu membolehkanRektor UIAri Kuncoro rangkap jabatan di jajaran komisaris perusahaan BUMN. Implikasi dari penerbitan PP itu dianggap bakal jadi preseden buruk, karena UI selaku perguruan tinggi idealnya selalu bersikap kritis terhadap keadaan dan pemerintah. Namun bakal jadi kehilangan sikap kritisnya jika sudah dikontrol penguasa. Pengamat politik dari Universitas Negeri Jakarta (UNJ), Ubedillah Badrun yakin revisi Statuta UI yang melegitimasi rangkap jabatan Rektor UI Ari Kuncoro sebagai wakil komisaris utama BRI bukan hal yang baik bagi dunia pendidikan. ""Ancaman bagi perguruan tinggi dan masa depan dunia pendidikan, karena ketika statuta beri ruang bebas bagi rektor untuk mendapatkan posisi komisaris BUMN maka ruang itu bisa dijadikan sebagai ruang kendali kekuasaan di kampus,"" ujar Ubed saat dihubungi, Kamis (22/7). Kampus terutama UI berpotensi menjadi alat kekuasaan untuk dikendalikan. Menurut Ubed, situasi tersebut seharusnya tidak terjadi karena perguruan tinggi merupakan tempat kebebasan akademik yang seharusnya bebas kendali atau kepentingan kekuasaan. Revisi Statuta UI pun membuka ruang bagi penguasa untuk membungkam kritik yang kerap datang dari mahasiswa. Posisi Rektor UI juga menjadi terjepit karena harus melindungi penguasa yang telah memberikan jabatan di perusahaan BUMN. ""Akan tidak enak bila ada mahasiswa mengkritik terbuka terhadap kekuasaan seakan rektor tidak bekerja untuk melindungi kekuasaan, sementara dia sudah dikasih posisi oleh penguasa,"" ucap dia. Situasi tersebut, menurutnya, akan membuat seorang rektor tidak bisa menjalankan tugas sebagaimana diamanatkan UU Nomor 12 Tahun 2012 tentang Perguruan Tinggi. ""Rektor itu akademisi profesional, dia fokus mengembangkan kampus sesuai Tri Dharma Perguruan Tinggi menurut UU Perguruan Tinggi yaitu pendidikan, penelitian, dan pengabdian pada masyarakat. Kalau dengan cara seperti ini fungsi itu bisa tidak optimal,"" ujar Ubed. Sementara itu, Pengamat pendidikan dari Universitas Paramadina, Totok Amin, menyatakan bahwa statuta merupakan hal yang sangat penting bagi sebuah perguruan tinggi. Menurutnya, posisi statuta di perguruan tinggi sama seperti anggaran dasar/anggaran rumah tangga (AD/ART) sebuah organisasi atau konstitusi sebuah negara. Oleh karena itu, perubahan Statuta seharusnya dilalui dengan proses yang ketat. ""Tinggal dicek apa sudah lewat proses itu atau semata-mata presiden ubah PP itu. PP itu sebenarnya ujung, setelah selesai dibahas baru diajukan PP, sesuai rekomendasi guru besar atau senat perguruan tinggi,"" ujarnya. Menurutnya, langkah Jokowi merevisi Statuta UI dengan memberikan legitimasi kepada Rektor UI untuk rangkap jabatan merupakan kebijakan yang harus segera direvisi. Ia meminta pemerintah segera memberikan penjelasan atau membatalkan hasil revisi Statuta UI. ""Ini sebuah langkah yang tidak bagus di tengah pandemi ini. Ini kebijakan harus segera dikoreksi, pemerintah harus buat kebijakan yang menenangkan baik itu menerangkan atau membatalkan sehingga masyarakat menerima,"" ujarnya. Sementara itu, Anggota Majelis Wali Amanat (MWA) Universitas Indonesia (UI) Bambang Brodjonegoro mengatakan pihaknya bakal membahas soal rangkap jabatan Rektor UI Ari Kuncoro yang juga berstatus sebagai wakil komisaris utama bank Badan Usaha Milik Negara (BUMN). Namun ia belum menjelaskan kapan rapat itu akan dihelat. Bambang juga enggan berkomentar lebih jauh terkait dugaan bahwa jabatan Ari sebagai rektor dan komisaris utama di bank BUMN melanggar aturan.",https://www.cnnindonesia.com/nasional/20210722093635-20-670655/polemik-rektor-ui-ari-kuncoro-dan-suramnya-masa-depan-kampus
2021/06/11 13:09:29,Link Situs untuk Lihat Hasil SBMPTN 2021,"Hasil Seleksi Bersama Masuk Perguruan Tinggi Negeri (SBMPTN) 2021 bakal diumumkan pada Senin (14/6) mulai pukul 15.00 WIB. Peserta dapat mengakses hasil seleksi melaluihttps://pengumuman-sbmptn.ltmpt.ac.id. Untuk mengakses hasil, peserta harus menginput data pribadi yang digunakan dalam pendaftaran SBMPTN. Tidak seperti tahun sebelumnya, hasil seleksi hanya bisa dilihat oleh peserta terkait. Selain melalu situs tersebut, hasil SBMPTN juga bisa diakses melalui 28 situs mirroring milik PTN yang ditetapkan Lembaga Tes Masuk Perguruan Tinggi (LTMPT). Mulai tahun ini, LTMPT memutuskan hasil seleksi masuk perguruan tinggi negeri merupakan data pribadi yang hanya bisa diakses secara individu. LTMPT menjanjikan tidak akan memberi data pribadi peserta baik berupa hasil seleksi kepada pihak di luar peserta terkait dan universitas yang menerima peserta tersebut. SBMPTN sendiri merupakan salah satu jalur masuk perguruan tinggi negeri yang ditetapkan oleh pemerintah dengan mengikuti tes potensi akademik (TPA) dan tes potensi skolastik (TPS) sesuai jurusan yang dituju. Selain melalui jalur ini dan Seleksi Nasional Masuk Perguruan Tinggi Negeri (SNMPTN) yang sudah rampung, calon mahasiswa juga bisa masuk PTN melalui jalur mandiri yang ditetapkan masing-masing kampus.",https://www.cnnindonesia.com/nasional/20210611122821-20-653094/link-situs-untuk-lihat-hasil-sbmptn-2021
2021/06/09 12:00:18,"Hasil SBMPTN Diumumkan 14 Juni, Tak Bisa Diakses Umum","Lembaga Tes Masuk Perguruan Tinggi (LTMPT) bakal mengumumkan hasil Seleksi Bersama Masuk Perguruan Tinggi Negeri (SBMPTN) 2021 pada Senin (14/6). Hanya peserta yang bisa mengakses hasil seleksi. ""Pengumuman SBMPTN 2021 akan diumumkan pada 14 Juni 2021 pukul 15.00 WIB,"" kata Koordinator Humas LTMPT Ismaini melalui keterangan tertulis kepada wartawan, Rabu (9/6). Sama seperti pengumuman hasil Seleksi Nasional Masuk Perguruan Tinggi Negeri (SNMPTN) 2021, LTMPT tidak akan membuka hasil SBMPTN kepada publik. Berdasarkan keputusan yang ditetapkan mulai tahun ini, LTMPT menilai hasil seleksi SNMPTN dan SBMPTN bersifat pribadi, sehingga hanya dapat diberikan kepada pihak yang bersangkutan. Akses masuk terhadap pengumuman hasil seleksi hanya diberikan kepada masing-masing peserta menggunakan data pribadi melalui situs resmi LTMPT atau PTN. LTMPT pun menyatakan tidak akan memberikan data pribadi peserta kepada pihak manapun, termasuk dalam bentuk mendapatkan data hasil seleksi. Sebelumnya, tahapan ujian SBMPTN sudah rampung digelar di penjuru Indonesia. SBMPTN merupakan salah satu jalur masuk PTN dengan cara mengikuti ujian Tes Potensi Skolastik (TPS) dan Tes Potensi Akademik (TPA). Sementara tahapan SNMPTN dan SBMPTN 2021 sudah rampung, calon mahasiswa yang ingin masuk PTN masih bisa melalui jalur mandiri. Jalur ini diatur oleh masing-masing PTN dengan ketentuan yang berbeda-beda.",https://www.cnnindonesia.com/nasional/20210609115027-20-652072/hasil-sbmptn-diumumkan-14-juni-tak-bisa-diakses-umum
2021/06/01 01:17:52,Kemendikbudristek: Pancasila Matpel Wajib SD-Perguruan Tinggi,"Kementerian Pendidikan, Kebudayaan, Riset dan Teknologi (Kemendikbudristek) menyatakan bahwaPancasilaakan jadi mata pelajaran dan mata kuliah wajib para pelajar dari tingkat SD, SMP, SMA hingga perguruan tinggi. Informasi ini awalnya muncul dalam revisi Peraturan Pemerintah No. 57 Tahun 2021 tentang Standar Nasional Pendidikan (SNP) yang diajukan Kemendikbudristek pada April lalu. ""Soal mata pelajaran Pancasila, kami secara eksplisit memasukkan Pancasila sebagai mata pelajaran dan mata kuliah wajib jenjang pendidikan dasar hingga tinggi,"" kata Kepala Badan Penelitian, Pengembangan dan Perbukuan Kemendikbudristek Anindito Aditomo dalam Rapat Kerja bersama Komisi X DPR, Senin (31/5). Untuk diketahui, mata pelajaran Pancasila sebelumnya tidak ada dalam Kurikulum 2013 yang dipakai pada jenjang pendidikan dasar hingga menengah. Namun tahun lalu, Badan Pembina Ideologi Pancasila (BPIP) menyarankan Pancasila dijadikan mata pelajaran wajib di sekolah. Masukan itu kemudian dipertimbangkan oleh Kemendikbudristek. Anggota BPIP Romo Benny Susetyo mengaku pihaknya sudah menyiapkan materi hingga buku pelajaran Pancasila untuk diajarkan di sekolah dan pendidikan tinggi. Ia mengatakan 70 persen dari materi pelajaran Pancasila akan berupa praktik. Penerapannya, kata dia, juga menggunakan sarana yang mudah dipahami anak-anak dan remaja. ""Materinya 30 persen pengetahuan, 70 persen itu praktik. Jadi pembelajaran menarik sesuai dengan kondisi kekinian, menggunakan sarana-sarana yang zaman sekarang ini. Misalnya film, animasi,"" kata Romo 23 April lalu.",https://www.cnnindonesia.com/nasional/20210531185415-20-648915/kemendikbudristek-pancasila-matpel-wajib-sd-perguruan-tinggi
2021/05/31 07:45:43,10 SMA Terbaik di Indonesia Berdasarkan Nilai UTBK LTMPT,"Lembaga Tes Masuk Perguruan Tinggi (LTMPT) merilis daftar 1.000SMA/sederajat terbaik di Indonesia. Daftar ini dibuat berdasarkan nilai rerata nilai Ujian Tulis Berbasis Komputer (UTBK) tahun 2020. Sekolah yang berada di jajaran teratas merupakan sekolah dengan nilai rerata TPS UTBK tertinggi tahun 2020. Sebanyak 21.302 sekolah diikutsertakan dengan jumlah peserta sebanyak 662.404 di seluruh Indonesia. UTBK sendiri merupakan tes masuk ke perguruan tinggi yang dilaksanakan oleh LTMPT. Peserta yang sudah diterima di jalur SNMPTN tidak mengikuti UTBK. Daftar 1.000 SMA terbaik di Indonesia berdasarkan UTBK ini dapat dilihat secara langsung di lamanLTMPT. Nilai UTBK rerata: 601, 683Nilai tertinggi: 653, 223Nilai terendah: 516, 063 Nilai UTBK rerata: 599, 694Nilai tertinggi: 661, 865Nilai terendah: 509, 688 Nilai UTBK rerata: 598, 523Nilai tertinggi: 654, 295Nilai terendah: 492, 703 Nilai UTBK rerata: 594, 865Nilai tertinggi: 653, 18Nilai terendah: 461, 575 Nilai UTBK rerata: 594, 605Nilai tertinggi: 675, 373Nilai terendah: 476, 443 Nilai UTBK rerata: 594, 437Nilai tertinggi: 653, 618Nilai terendah: 485, 935 Nilai UTBK rerata: 592, 52Nilai tertinggi: 654, 745Nilai terendah: 498, 65 Nilai UTBK rerata: 589, 811Nilai tertinggi: 649, 075Nilai terendah: 499, 89 Nilai UTBK rerata: 588, 002Nilai tertinggi: 662, 698Nilai terendah: 429, 603 Nilai UTBK rerata: 587, 81Nilai tertinggi: 651, 863Nilai terendah: 511, 763",https://www.cnnindonesia.com/gaya-hidup/20210531073658-284-648570/10-sma-terbaik-di-indonesia-berdasarkan-nilai-utbk-ltmpt
2021/05/25 14:00:57,Nadiem Gelontorkan Rp180 Miliar untuk Kampus Bangun Start Up,"Menteri Pendidikan, Kebudayaan, Riset dan TeknologiNadiem Makarimmenawarkan bantuan dana hingga ratusan miliar Rupiah untuk perguruan tinggi vokasi yang ingin membangunstart upatau perusahaan rintisan bersama industri. Nadiem menyebutnya dengan dana padanan kamusvokasiataumatching fund. Dana padanan kampus vokasi ataumatchingfundvokasi termasuk dalam program Kampus Merdeka Vokasi yang Nadiem luncurkan pada hari ini, Selasa (25/5). ""Dana padanan kampus vokasi ini besarnya Rp180 miliar,"" kata Nadiem dalam acara yang disiarkan langsung oleh Youtube Kemendikbud RI. Kampus baru bisa memperoleh dana dari Kemendikbudristek jika sudah berhasil mengajak industri untuk bekerja sama. ""Matching fundhanya [diberikan] kalau perguruan tinggi vokasi berhasil menarik dana atau kontribusi dari industri,"" imbuhnya. Nadiem menjelaskan, kampus dapat memilih tiga bentuk kegiatan kerja sama dengan industri agar bisa memanfaatkan danamatchingfun. Tiga kegiatan itu yakni membentuk pusat riset, melakukan hilirisasi produk atau membangunstartup. ""Salah satu pilihannya mendanai start up-start up vokasi, mendanaienterpreneur-entrepreneuryang akan kembangkan bisnis berbasis iptek di dalam PTN, PTS vokasi kita melalui pendanaanstart up company,"" lanjutnya. Mantan pengusaha yang berhasil mendirikan Gojek itu mengatakan program barunya tersebut dikeluarkan dengan tujuan mendorong jiwa kewirausahaan di kampus vokasi. Jika kampus vokasi berhasil menggaet industri yang berkontribusi dalam bentuk bantuan dana atau barang untuk membentuk start up, Nadiem berjanji Kemendikbudristek akan menggandakan dana yang diberikan industri. Sementara jika tidak ingin membuat start up, kampus diperbolehkan memanfaatkan dana untuk pengembangan pusat unggulan teknologi bersama industri. Nadiem mengatakan pihaknya bakal menambahkan anggaran hingga tiga kali lipat dari dana yang diberikan industri untuk pembuatan pusat riset. Terakhir, kampus juga bisa mengajukan kegiatan hilirisasi produk riset terapan untuk tujuan komersialisasi bersama industri. Kemendikbudristek akan menggandakan dana yang diberikan industri. Bantuan dana tersebut, kata Nadiem, dapat diterima kampus dengan syarat berhasil menggaet industri untuk melakukan kerja sama ataulinkandmatchbersama kampus. Dalam hal ini, ia mengatakan industri tidak boleh sekadar menandatangani nota kesepahamanan bersama kampus tanpa implementasi dan tujuan yang jelas. Kampus dan industri harus bisa membuktikan penyusunan kurikulum bersama, partisipasi praktisi industri mengajar di kampus, kewajiban magang bagi mahasiswa, komitmen serapan lulusan mahasiswa, dan bentuk dukungan lainnya. Nadiem menjelaskan kebijakan ini ia ambil karena mendapati kampus vokasi belum banyak menghasilkan dampak nyata kepada industri. Menurutnya, banyak kampus vokasi belum berorientasi kepada pasar dan hanya terpaku pada riset terapan yang bersifat akademis. ""Padahal ini perguruan tinggi vokasi dan politeknik. Jadi ini enggak masuk akal. Kenapa hasiloutput-nya paper. Harusnyaoutput-nya inovasi dan terapan di lapangan,"" tambah dia.",https://www.cnnindonesia.com/nasional/20210525125501-20-646675/nadiem-gelontorkan-rp180-miliar-untuk-kampus-bangun-start-up
2021/05/21 20:55:51,Tips Lolos Tes Kebangsaan dan Kepemimpinan LPDP 2021,"LPDPjadi favorit para pengincar beasiswa karena memberikan pembiayaankuliahsecara penuh, baik dikampusternama di dalam negeri maupun di luar negeri. Belum lagi, LPDP juga memberikan 'uang saku' untuk para penerima beasiswa. Karena memberikan pembiayaan kuliah secara penuh ini-lah, peserta beasiswa LPDP tak pernah sepi peminat. Berbagai tahapan tes untuk para pendaftar pun harus dilalui agar bisa menerima beasiswa tersebut. Dalam program LPDP tahun 2021, ada tiga program beasiswa, yakni beasiswa afirmasi, targeted, dan beasiswa umum. Bagi peserta program beasiswa non PTUD (perguruan tinggi peringkat utama dunia), akan memiliki seleksi yang sama. Pertama, seleksi administrasi untuk kelengkapan bukti-bukti dan surat-surat, termasuk ijazah dan IP terakhir. Kemudian seleksi substansi akademik (tes bakat skolastik) untuk mengukur kemampuan sesuai bidang yang dituju. Jika lolos tes skolastik, maka peserta akan memasuki tahap seleksi substansi kebangsaan, lalu seleksi wawancara untuk mengukur jiwa kepemimpinan. Peserta baru akan mendapat beasiswa LPDP setelah lolos empat tahap seleksi tersebut. Sementara untuk peserta PTUD LPDP, tidak akan melewati seleksi substansi akademik, namun tetap mengikuti seleksi administrasi, seleksi substansi kebangsaan, dan wawancara. Banyak peserta LPDP mati-matian belajar agar lolos tes skolastik. Padahal tes kebangsaan dan wawancara juga tak kalah sulit. ""Dalam tes kebangsaan, soalnya tentang wawasan kebangsaan dan kebhinnekaan, laluinterviewnanti akan diukur jiwa kepemimpinannya,"" kata Direktur Beasiswa LPDP Dwi Larso, dalam diskusi daring di Youtube LPDP, beberapa waktu lalu. Ia juga memberikan sedikit 'bocoran' yang bisa jadi tips mengikuti tes wawancara kepemimpinan dan kebangsaan. Berikut sedikit bocoran dan tips lolos tes kebangsaan dan wawancara. Dwi mengatakan, dalam seleksi kebangsaan, akan ada tes tertulis dan lisan. Dalam tes tertulis, akan ada aspek keberagaman di Indonesia. Ia mengatakan, tes tertulis tak akan jauh dari asal mula Indonesia, warisan sejarah dan budaya, serta bahasan tentang bapak pendiri bangsa. ""Seleksi kebangsaan, menyangkut aspek keragaman, itu aspek sebagai warisanfounding fatheryang sudah mendirikan negara ini. Menurut saya, soal-soal kebangsaan, keberagaman, kira-kira itu enggak akan jauh dari aspek cinta tanah air,"" kata Larso. Kemudian tes kebangsaan akan diadakan juga dalam bentukinterviewuntuk pendalaman secara langsung. Seleksi wawancara dalam beasiswa ditujukan untuk membuktikan dua hal dalam diri pendaftar beasiswa LPDP. Kedua hal tersebut akan menjadi ukuran kelayakan, apakah pendaftar layak atau tidak layak menerima beasiswa. Pertama, tes wawancara ditujukan untuk mengukur rasa cinta seseorang pada tanah air, kedua untuk mengukur jiwa kepemimpinan seseorang. Dwi mengaku, banyak orang keliru mengartikan kepemimpinan. Jiwa kepemimpinan selalu diartikan sebagai bos, pimpinan, atau petinggi sebuah perusahaan. Padahal, LPDP mencari seseorang berjiwa pemimpin yang bisa membawa perubahan ke arah yang lebih baik untuk lingkungan dan sosialnya. ""Kepemimpinan itu harus dipahami tak harus ada di depan, tak harus jadi wali kota, jadi CEO gitu. Kami lihatnya Ki Hajar Dewantara yang jadi pemimpin bisa di tengah, bisa di belakang, tapi yang penting adalah dia punya kepercayaan diri kuat untuk mengubah sesuatu menjadi kebaikan,"" jelas Dwi. ""Dia harus yakin bisa membawa perubahan untuk kebaikan, memberikan manfaat untuk bangsanya. Itu kualitas yang kita cari. Nanti akan dilihat dari prosesinterview,"" tuturnya. Sebagai informasi, pendaftaran LPDP tahap 1 dimulai sejak 4 Mei-1 Juni, sementara untuk pendaftaran tahap 2 akan dimulai pada 1 Agustus-8 September. Semangat para pengejar beasiswa!",https://www.cnnindonesia.com/gaya-hidup/20210517063010-284-643092/tips-lolos-tes-kebangsaan-dan-kepemimpinan-lpdp-2021
2021/05/20 07:30:14,Mengenal 3 Jenis Program Beasiswa LPDP 2021,"Pendaftaranbeasiswa LPDPtahap pertama telah dibuka hingga 1 Juni mendatang. Kenali jenis-jenis beasiswa LPDP agar tak salah memilih. Pemerintah Indonesia memiliki program pembiayaan untuk Anda yang ingin terus menuntut ilmu. Melalui beasiswa LPDP, Anda bisa menuntut ilmu di kampus-kampus terbaik dunia, tanpa biaya. LPDP akan menanggung semua biaya yang diperlukan, mulai dari biaya kuliah, kebutuhan hidup selama kuliah, hingga tunjangan untuk menyokong kuliah. ""LPDP memberikan hampir seluruh biaya yang dibutuhkan oleh rekan-rekan semua. Ini terdiri dari dana pendidikan, dana hidup bulanan, biaya pendukung, tunjangan, termasuk untuk doktoral akan ada tunjangan keluarga, itu kita lakukan guna mendukung semuanya kuliah kemudian kembali ke Indonesia untuk mengabdi,"" jelas Direktur Beasiswa Lembaga Pengelola Dana Pendidikan (LPDP) Dwi Larso, dalam diskusi daring di kanal YouTube LPDP, beberapa waktu lalu. Karena berbagai kemudahan yang ditawarkan oleh LPDP, beasiswa resmi dari pemerintah ini tak pernah kehilangan peminat. Setiap tahunnya ketika dibuka, banyak pendaftar beasiswa LPDP yang ikut mendaftar. Proses seleksi yang ketat tak menurunkan minat para pengejar program beasiswa bergengsi ini. Apa saja jenis program beasiswa yang ditawarkan oleh LPDP? Berikut informasinya. Beasiswa afirmasi merujuk pada peserta tertentu. Pertama, beasiswa program afirmasi ditujukan untuk orang dengan kebutuhan khusus atau difabel, peserta di daerah afirmasi, serta peserta pemilik Kartu Keluarga Sejahtera (KKS) atau peserta bidik misi saat menempuh program sarjana strata-1 (S1). Adapun daerah afirmasi adalah wilayah yang masuk dalam kategori daerah terdepan, terpencil, tertinggal (3T). Dwi mengatakan, 96 kabupaten/kota dari 11 provinsi termasuk dalam kategori afirmasi. Sebagian besar berasal dari wilayah timur Indonesia, seperti Provinsi Maluku, NTT, Papua dan Papua Barat. ""Untuk Papua dan Papua Barat, ada beasiswa afirmasi. Kemudian ada syarat khusus IPK, dan kemampuan bahasa. Di daerah afirmasi ini kami beri dukungan lebih,"" kata Dwi. Simak jenis beasiswa LPDP lainnya pada halaman berikutnya. Beasiswa targeted ditujukan khusus untuk PNS, TNI, dan Polri. Peserta LPDP dari instansi pemerintahan tersebut harus memiliki surat persetujuan dari pimpinan lembaganya untuk mengikuti pendidikan jika diterima kelak. Program beasiswa targeted juga ditujukan kepada para pelaku usaha atau wirausahawan untuk meneruskan kuliah program magister ke luar negeri. Dwi mengatakan, program beasiswa khusus wirausaha kini dibuka melihat tren masyarakat di kancah bisnis global. ""Sasaran beasiswa jenjang magister luar negeri yang diperuntukkan bagi WNI yang bergerak dalam bidang kewirausahaan, melihat potensi usaha di dunia global ikut berkembang,"" tutur Dwi. Terakhir, namun paling banyak peminatnya adalah program beasiswa LPDP reguler. Program reguler, ditujukan kepada siapa saja yang ingin meneruskan pendidikan sarjana, magister, atau doktoral. Program beasiswa reguler ini juga terbuka untuk peserta yang ingin menempuh pendidikan di perguruan tinggi peringkat utama dunia (PTUD) di luar negeri. Karena program beasiswa reguler bisa diikuti siapa saja, tak heran banyak peminat mendaftar melalui 'pintu masuk' LPDP satu ini. Adapun seleksi yang harus dilalui, baik bagi peserta afirmasi, targeted, atau reguler, memiliki tahapan yang sama. Pertama, melalui seleksi administrasi, seleksi substansi akademik (tes skolastik), seleksi wawasan kebangsaaan, dan interview. Khusus untuk peserta yang memilih mendaftar di PTUD dengan LPDP, maka seleksi substansi akademik akan dilewati dan langsung melalui seleksi wawasan kebangsaan. Pendaftaran LPDP tahap pertama sudah dibuka sejak 4 Mei dan akan berakhir pada 1 Juni 2021. Bagi Anda yang berminat mendaftar LPDP, Anda bisa mengikuti pendaftaran tahap dua yang akan digelar 1 Agustus-8 September mendatang.",https://www.cnnindonesia.com/gaya-hidup/20210511150411-284-641461/mengenal-3-jenis-program-beasiswa-lpdp-2021
2021/04/19 14:29:40,447 Ribu Peserta Ikut UTBK SBMPTN Gelombang I,"Lembaga Tes Masuk Perguruan Tinggi (LTMPT) menyatakan 447.380 peserta Seleksi Bersama Masuk Perguruan Tinggi Negeri (SBMPTN) 2021 mengikuti Ujian Tulis Berbasis Komputer (UTBK) pada gelombang pertama yang digelar 12-18 April 2021. Jumlah tersebut belum termasuk peserta yang masih menjalani UTBK gelombang pertama di Universitas Nusa Cendana (Undana), Kupang, Nusa Tenggara Timur. Jadwal ujian di pusat UTBK tersebut diundur akibat terjadi bencana. ""Jumlah peserta gelombang I, Undana masih berjalan 3 hari, 474.518 (peserta). Jumlah peserta hadir 447.380 (orang), kehadiran 94,28 persen,"" kata Ketua Pelaksana Eksekutif LTMPT Budi Prasetyo Widyobroto kepadaCNNIndonesia.com. Budi mengatakan pelaksanaan UTBK gelombang I berjalan lancar, sehingga gelombang II akan dilaksanakan dengan aturan dan mekanisme serupa dan dengan penerapan protokol kesehatan. Gelombang II UTBK sendiri bakal digelar 26 April-4 Mei 2021. Jadwal tersebut diubah dari rencana awal karena ada penambahan waktu pada pusat UTBK Universitas Indonesia (UI), Universitas Negeri Jakarta (UNJ), Universitas Pembangunan Nasional (UPN) Veteran Jakarta dan Universitas Sulawesi Barat (Unsulbar). ""Banyak pusat UTBK yang sudah selesai atau tidak menjalankan UTBK di gelombang II. Jadi lebih ringan dan Insya Allah lancar dan terkendali dari pengalaman gelombang I,"" tambah Budi. Pada pelaksanaan UTBK gelombang pertama, peserta yang didapati memiliki suhu tubuh lebih dari 37,5 derajat celcius bakal otomatis gagal SBMPTN karena tidak diperkenankan mengikuti ujian. Pada sejumlah pusat UTBK seperti UI dan Institut Pertanian Bogor (IPB), peserta juga diwajibkan melampirkan surat hasil pemeriksaan antigen Covid-19. Jika dinyatakan reaktif, peserta gugur.",https://www.cnnindonesia.com/nasional/20210419134304-20-631701/447-ribu-peserta-ikut-utbk-sbmptn-gelombang-i
2021/03/28 06:41:14,"Lokasi UTBK SBMPTN Jakarta Penuh, LTMPT Cari Solusi","Lembaga Tes Masuk Perguruan Tinggi (LTMPT) mengungkapkan bahwa kursi pusat atau lokasi penyelenggaraan Ujian Tulis Berbasis Komputer (UTBK) Seleksi Bersama Masuk Perguruan Tinggi Negeri (SBMPTN) di DKI Jakarta penuh. ""Iya, kursi pusat UTBK UI (Universitas Indonesia) Penuh. [Pusat UTBK di] Lokasi Jakarta penuh,"" kata Koordinator Bidang Humas LTMPT Ismaini kepada wartawan melalui pesan singkat, Sabtu (27/3). Ismaini mengatakan kursi pada pusat atau lokasi UTBK bisa jadi diisi oleh peserta yang memang berdomisili di DKI Jakarta atau mereka dari luar daerah tetapi ingin melakukan seleksi di Jakarta. Perihal kepastian data tersebut, kata dia, masih dievaluasi. Padahal, ia mengaku LTMPT sudah menetapkan aturan agar peserta memilih pusat atau lokasi UTBK terdekat dengan domisilinya. Hal tersebut ditekankan karena kondisi pandemi covid-19, sehingga kegiatan UTBK didorong agar menghindari mobilisasi antar kota atau provinsi. LTMPT bahkan menekankan kesalahan pemilihan pusat atau lokasi UTBK dapat menyebabkan peserta tidak diperbolehkan mengikuti SBMPTN. Namun, ternyata banyak peserta domisili luar Jakarta yang memilih lokasi UTBK di Jakarta. Akibatnya, peserta yang benar-benar berdomisili di Jakarta jadi kesulitan mendaftar lantaran telah penuh. Ismaini mengatakan pihaknya akan segera mengevaluasi dan memberikan solusi terhadap calon peserta yang kesulitan mendapat kursi di pusat UTBK pada domisilinya. ""Menunggu evaluasi. Insya Allah segera dicarikan solusi,"" tambah dia. Dihubungi terpisah, Ketua LTMPT Mohammad Nasih juga mengatakan hal serupa. Menurut dia, pusat atau lokasi UTBK di daerah lain justru masih melimpah. ""Yang habis hanya di Jakarta. Di tempat lain masih melimpah. Di Jakarta mau kita tambah kapasitasnya,"" kata Nasih. UTBK merupakan tahapan seleksi yang harus dilewati bagi seluruh peserta SBMPTN. Pendaftaran UTBK-SBMPTN 2021 masih dibuka hingga 1 April 2021. Berikut rincian jadwal pendaftaran hingga pelaksanaan UTBK-SBMPTN 2021. 1. Pendaftaran UTBK-SBMPTN : 15 Maret - 01 April 20212. Pelaksanaan UTBK Gelombang I : 12 - 18 April 20213. Pelaksanaan UTBK Gelombang II : 26 April - 02 Mei 20214. Pengumuman Hasil SBMPTN : 14 Juni 2021",https://www.cnnindonesia.com/nasional/20210327193541-20-622901/lokasi-utbk-sbmptn-jakarta-penuh-ltmpt-cari-solusi
2021/03/27 14:11:08,"Tiada lnternet untuk Ujian, Siswa Malut Jalan 1 Km ke Pantai","PelajarMadrasah Aliyah (MA) Nurul Yaqin Desa Supu, Kecamatan Loloda Utara, Kabupaten Halmahera Utara, ProvinsiMaluku Utaraharus berjalan sekitar 1 kilometer ke pesisir pantai demi mendapat akses internet untuk menjalani ujian. Jaringaninternetyang diburu berasal dari Kabupaten Pulau Morotai. Menurut Kepala Sekolah MA Nurul Yaqin, Bahadiah R Koroi, langkah tersebut diambil para guru atas permintaan Kantor Kementerian Agama Halmahera Utara. Akan tetapi, setelah jauh berjalan ke pesisir pantai, 16 siswa dan guru tetap tidak bisa mendapat jaringan internet. ""Bahkan masuk kelink websiteujian untuk mencetak kartu peserta saja tidak bisa diakses sama sekali,"" ujar Bahadiah, Sabtu (27/3). Sebelumnya, kata dia, pihak sekolah dan Kantor Kementerian Agama telah sepakat melaksanakan ujian secara manual bagi madrasah-madrasah yang kekurangan fasilitas dalam mengakses jaringan internet. Namun pada hari ketujuh atau hari terakhir ujian manual dilaksanakan, tiba-tiba ada pemberitahuan bahwa setidaknya ada ujian yang digelar secara online. ""Paling tidak harus ada laporan ke pusat untuk ujian online. Jika tidak, maka nama sekolah tidak terdaftar ke pusat,"" tuturnya. Saat berupaya mengakses jaringan internet di pantai gagal, Bahadiah lantas memutuskan untuk mengembalikan para peserta ujian itu ke gedung sekolah dan melanjutkan sisa waktu ujian manual. ""Saat jaringannya tidak bisa digunakan, saya langsung berkoordinasi dengan atasan di kantor Kementerian Agama Halmahera Utara. Dan jawaban atasan, yang penting sudah mencoba, karena jaringannya tidak mendukung maka diperintahkan kembalikan saja seperti semula. Intinya kami sudah mencoba,"" sambung Bahadiah. Itu semua terjadi lantaran ada pemberitahuan tiba-tiba. Jika ada pemberitahuan jauh hari tentang kewajiban menggelar ujian via internet, maka pihak sekolah bisa bersiap terlebih dahulu. Seperti misalnya pada 2020 lalu. MA Nurul Yaqin bisa menggelar ujian online. Tetapi ujian tersebut dilakukan di Tobelo, ibu kota Kabupaten Halmahera Utara. Tetap bisa dilakukan karena memang ada pemberitahuan jauh hari. ""Namun karena dalam rakor kemarin kesepakatannya dikembalikan ke sekolah makanya saya langsung ambil keputusan untuk ujiannya manual,"" jelasnya.",https://www.cnnindonesia.com/nasional/20210327132218-20-622801/tiada-lnternet-untuk-ujian-siswa-malut-jalan-1-km-ke-pantai
2021/03/23 06:12:47,Kemendikbud Pertimbangkan Ganti Pola Seleksi Masuk PTN 2024,"Kementerian Pendidikan dan Kebudayaan (Kemendikbud) mempertimbangkan untuk mengganti pola seleksi masuk Perguruan Tinggi Negeri (PTN). Wacana yang berkembang yakni perubahan dilakukan pada 2024 mendatang. Direktur Jenderal Pendidikan Tinggi Kemendikbud Nizam mengatakan perubahan pola seleksi bakal dicoba karena ada perubahan kurikulum pada SMA dan sederajat. ""Arahnya (seleksi PTN yang baru) memberikan fleksibilitas pada calon mahasiswa, sekaligus menyelaraskan antara kurikulum SMA/SMK dengan persyaratan masuk ke perguruan tinggi, sesuai dengan program studi yang dipilih,"" tuturnya kepada CNNIndonesia.com, Senin (22/3). Nizam tidak menjelaskan lebih rinci fleksibilitas yang dimaksud. Dia mengatakan wacana tersebut masih dalam kajian. Ia hanya menekankan pilihan program studi pada seleksi yang baru akan disesuaikan dengan kompetensi siswa. ""Prodi yang dipilih sesuai dengan kompetensi yang diperoleh selama SMA/SMK,"" tambahnya. Ia mengatakan penggantian mekanisme seleksi masuk PTN belum akan dilakukan dalam waktu dekat. Namun harapannya, lanjut Nizam, mekanisme seleksi baru sudah diterapkan mulai 2024. Secara terpisah, Ketua Majelis Rektor Perguruan Tinggi Negeri Indonesia (MRPTNI) Jamal Wiwoho mengungkap beberapa waktu lalu dia diundang Nizam bersama Menteri Pendidikan dan Kebudayaan Nadiem Makarim untuk membahas kemungkinan mengubah mekanisme seleksi masuk PTN diubah. Menurut diskusi yang ia datangi itu, perubahan dipertimbangkan karena di tahun 2022 akan ada perubahan pola penjurusan pada SMA dan sederajat. ""Tahun depan akan diubah cara penerimaan, cara penjurusan untuk SMA dan sederajat. 2024 juga akan dilakukan cara-cara baru untuk penerimaan mahasiswa baru itu,"" tuturnya. Hal ini pun dibenarkan Ketua Pelaksana Eksekutif LTMPT Budi Prasetyo. Ia mengaku mendapat informasi dari Kemendikbud bahwa perubahan seleksi masuk PTN dilakukan karena ada perubahan kurikulum. ""Ada rencana dari pemerintah akan ada perubahan kurikulum di SLTA (SMA) dan sederajat. Kalau terjadi perubahan kurikulum, maka untuk seleksi masuk perguruan tinggi kita akan menyesuaikan, itu saja. Wewenangnya di kementerian,"" kata dia menambahkan. CNNIndonesia.com telah berupaya mengkonfirmasi wacana tersebut kepada Kepala Pusat Kurikulum dan Perbukuan Kemendikbud Maman Fathurrahman, namun belum mendapat jawaban. Maman sebelumnya menyatakan pihaknya tengah membahas perubahan kurikulum yang bakal diterapkan di sekolah penggerak mulai tahun ini. Kurikulum disusun dengan tujuan agar guru bisa mengajar sesuai kemampuan masing-masing siswa. Seleksi masuk PTN sendiri saat ini diatur melalui tiga jalur, yakni minimum 20 persen daya tampung dari Seleksi Nasional Masuk Perguruan Tinggi Negeri (SNMPTN), 40 persen dari Seleksi Bersama Masuk Perguruan Tinggi Negeri (SBMPTN) dan maksimum 30 persen dari seleksi mandiri. SNMPTN dilakukan berdasarkan nilai akademik saja atau nilai akademik dan prestasi siswa sesuai ketetapan yang ditentukan PTN. Sementara SBMPTN dilaksanakan melalui Ujian Tulis Berbasis Komputer (UTBK). Kemudian seleksi mandiri ditentukan oleh masing-masing PTN. Jika PTN menghendaki, seleksi mandiri juga bisa menggunakan hasil UTBK. Jalur ini umumnya dilakukan terakhir setelah SNMPTN dan SBMPTN rampung.",https://www.cnnindonesia.com/nasional/20210322212238-20-620734/kemendikbud-pertimbangkan-ganti-pola-seleksi-masuk-ptn-2024
2021/02/15 06:24:06,Pendaftaran SNMPTN 2021 Dibuka Hari Ini,"Lembaga Tes Masuk Perguruan Tinggi (LTMPT) bakal membuka pendaftaran Seleksi Nasional Masuk Perguruan Tinggi Negeri (SNMPTN) tahun 2021 pada Senin (15/2) pukul 15.00 WIB. Ketua Tim Pelaksana LTMPT, Mohammad Nasih mengatakan pendaftaran akan dibuka selama 10 hari atau hingga 24 Februari 2021 mendatang. ""Jadwal pendaftaran SNMPTN dimulai 15 Februari pukul 15.00 WIB sampai 24 Februari 2021 pukul 15.00 WIB. Pendaftaran dilakukan melalui portal LTMPT https://portal.ltmpt.ac.id atau melalui laman https://snmptn.ltmpt.ac.id,"" kata Nasih dalam keterangan resminya, Minggu (14/2). Nasih mengatakan ada beberapa kriteria siswa yang dapat mendaftar SNMPTN. Di antaranya, siswa sudah memiliki akun LTMPT dan sudah permanen, siswa yang dinyatakan berhak ikut oleh sekolah dan memiliki nilai yang lengkap di Pangkalan Data Sekolah dan Siswa (PDSS). Nasih menyarankan agar siswa tidak mendaftar SNMPTN menjelang hari terakhir pendaftaran. Pengumuman hasil SNMPTN akan diterbitkan pada 22 Maret 2021 melalui laman LTMPT di https://pengumuman-snmptn.ltmpt.ac.id dan laman resmi beberapa PTN. ""Pendaftaran ulang peserta yang lulus SNMPTN dapat dilihat di laman PTN penerima,"" kata Nasih. Berikut rincian tahapan pendaftaran SNMPTN 2021 yang perlu diperhatikan para siswa. 1. Siswa melakukan login di Portal LTMPT atau laman pendaftaran menggunakan akun LTMPT (alamat email dan password) yang telah teregistrasi. 2. Siswa mengisikan ""Kelengkapan Data Orang Tua"" pada halaman PROFIL. 3. Siswa melakukan pendaftaran SNMPTN dengan mengisikan pilihan prodi yang dipilih pada halaman PILIHAN. 4. Siswa mengisikan portofolio pada halaman PORTOFOLIO apabila prodi yang dipilih mensyaratkan adanya dokumen portofolio. Jika prodi yang dipilih tidak mensyaratkan adanya dokumen portofolio, maka tidak perlu diisikan. 5. Siswa mengisikan prestasi pada halaman PRESTASI. Isian prestasi pada halaman ini bersifat tidak wajib. Silakan isikan prestasi yang sesuai dengan bidang dan tingkat prestasi yang disyaratkan pada masing-masing pilihan di kolomnya. 6. Siswa melakukan finalisasi pada halaman FINALISASI, jika semua isian data sudah diyakini kebenarannya. Setelah melakukan finalisasi, isian data tidak dapat dibatalkan dan tidak bisa diubah dengan alasan apapun. 7. Siswa mengunduh dan mencetak kartu registrasi.",https://www.cnnindonesia.com/nasional/20210214204430-20-606158/pendaftaran-snmptn-2021-dibuka-hari-ini
2021/02/10 16:31:06,DPR Minta Program Kampus Mengajar Diselaraskan dengan KKN,"Sejumlah AnggotaKomisi XDPR RIyang membidangi pendidikan menyarankanMenteri Pendidikan dan KebudayaanNadiem Makarimmempertimbangkan ulang pelaksanaan programKampus Mengajar. Pasalnya menurut Wakil Ketua Komisi X DPR RI, Abdul Fikri Faqih program baru yang dicetuskan Nadiem itu bisa diselaraskan dengan program yang sebelumnya ada di perguruan tinggi. Salah satunya misalnya, dengan program Kuliah Kerja Nyata (KKN) yang sejak lama dimiliki perguruan tinggi. Faqih berpendapat, kedua program tersebut hampir sama sehingga bisa saja saling menyesuaikan. ""Program ini harus sinkron dengan perguruan tinggi, terutama dengan program KKN. Usahakan merata untuk semua, apalagi bila peluangnya juga dibuka buat perguruan tinggi swasta,"" kata Faqih saat dihubungi, Rabu (10/2). Faqih mengingatkan, jangan sampai program baru tersebut justru melupakan program atau kegiatan lama yang belum tuntas. Ia juga menyarankan agar Nadiem menyampaikan informasi mengenai program tersebut ke publik secara komprehensif. ""Program baik seperti apapun kalau mengkomunikasikan kepada publiknya jelek, maka akan menjadi tidak manfaat. Karenanya sampaikan informasi dengan jelas dan masif,"" ujarnya. Politikus PKS itu juga menilai program Kampus Mengajar mirip dengan Indonesia Mengajar milik Gubernur DKI Jakarta Anies Baswedan ketika masih bergelut di dunia pendidikan. Namun begitu, Faqih mengaku tetap mengapresiasi ide Nadiem. Menurut dia, program tersebut bukti bahwa mantan Bos Gojek itu belajar mengenali masalah pendidikan di lapangan. ""Kalau saya melihat Mas Menteri, sekarang mulai kenal problem lapangan. Dan risikonya ada beberapa program yang harus digulirkan mirip dengan program sebelumnya,"" ujar dia lagi. Senada dengan Faqih, anggota Komisi X DPR dari Fraksi PAN Zainuddin Maliki pun mengapresiasi kebijakan tersebut. Tapi ia sekaligus berharap program Kampus Mengajar betul-betul efektif. ""Dari sisi konsep bagus, tapi efektivitasnya yang penting. Akuntabilitas itu bukan hanya akuntabilitas program, prosedur, keuangan, tapi juga akuntabilitas manfaatnya,"" ujar Zainuddin. ""Nanti anggarannya sudah tersedia apa belum, seberapa efektivitasnya. Ini program Mas Menteri di situ bagus-bagus, tapi efektivitasnya yang belum,"" sambung dia lagi. Zainuddin menuturkan, selain konsep yang bagus, implementasi di lapangan juga harus mendukung. Menurut dia, akan percuma jika konsep bagus akan tetapi eksekusi di lapangan malah berantakan. ""Policyyg bagus, tapi eksekusi buruk, ya hasilnya buruk. Implementasi jauh lebih penting daripadapolicyitu sendiri, bisa jadibad policytapigood executionitu hasilnya bisagood result,"" tutur dia. Sebelumnya Mendikbud Nadiem Makarim menggagas program Kampus Mengajar sebagai salah satu solusi atas kendala pembelajaran jarak jauh (PJJ) yang dialami siswa jenjang pendidikan dasar selama pandemi Covid-19. Untuk itu, mahasiswa semester 5 ke atas diminta mendaftar menjadi pengajar di Sekolah Dasar (SD) di wilayah domisilinya. Sekolah yang menjadi prioritas sasaran khususnya yang berakreditasi C dan berada di daerah 3T (Tertinggal, Terdepan dan, Terluar). Sepanjang program, mahasiswa diminta mengajar 6 jam per hari secara daring dan luring. Selama masa program, mahasiswa dijanjikan menerima biaya kuliah, uang hidup dan nilai setara 12 satuan kredit semester (SKS).",https://www.cnnindonesia.com/nasional/20210210134554-32-604710/dpr-minta-program-kampus-mengajar-diselaraskan-dengan-kkn
2020/12/12 15:19:25,DKI Tegur Sekolah Pembuat Soal Ujian Singgung Anies dan Mega,"Dinas PendidikanPemprov DKI Jakartameminta guru dan sekolah untuk tidak membuat soal ujian menggunakan nama pejabat dan tokoh politik. Pernyataan itu disampaikan usai beredar tangkapan layar soal ujian SMP Negeri 250 Jakarta yang menyebut namaAnies Baswedandan Mega. ""Dinas Pendidikan tidak pernah mengimbau kepada guru di sekolah untuk membuat soal ujian sekolah dengan menyebutkan nama pejabat publik tertentu dan telah mengarahkan Guru yang membuat soal ujian sekolah tersebut untuk tidak mengulangi perbuatannya lagi,"" kata Kadisdik DKI Nahdiana lewat siaran pers, Sabtu (12/12). ""Karena, hal tersebut berpotensi menjadi unsur pelanggaran netralitas terhadap posisi ASN,"" sambungnya. Nahdiana menjelaskan bahwa pihaknya telah menelusuri dan meminta konfirmasi dari kepala sekolah terkait serta guru yang membuat soal ujian. Pihak sekolah mengatakan soal tersebut diberikan kepada siswa untuk menguji pembentukan karakter, integritas, kesabaran dan rasa tanggung jawab. Nahdiana mengamini ada kesamaan nama dengan kedua pejabat dan tokoh politik di soal tersebut. Namun sekolah tidak bermaksud mendukung atau mencemarkan nama baik orang yang disebut dalam soal. ""Dinas Pendidikan Provinsi DKI Jakarta mengimbau kepada para ASN, baik di lingkungan sekolah maupun di lingkungan Pemerintahan Provinsi DKI Jakarta untuk tetap menjaga netralitas ASN sehingga bisa memberikan pelayanan publik yang baik,"" mengutip siaran pers. Sebelumnya beredar tangkapan layar soal ujian SMP Negeri 250 Jakarta yang menyebut nama Anies Baswedan dan Mega di media sosial. CNNIndonesia.comtelah berupaya mengkonfirmasi soal itu ke salah satu guru SMPN 250 Jakarta, Sukirno Aga namun tidak mendapat jawaban.",https://www.cnnindonesia.com/nasional/20201212145812-20-581310/dki-tegur-sekolah-pembuat-soal-ujian-singgung-anies-dan-mega
2020/11/23 16:50:57,"Kampus Bakal Buka, Mahasiswa Baru Prioritas Kuliah Tatap Muka","Majelis Rektor Perguruan Tinggi Negeri Indonesia (MRPTNI) berencana memprioritaskanmahasiswatingkat awal untukkuliahtatap muka di kampus di tengah pandemi viruscorona(Covid-19). Mahasiswa baru diutamakan karena belum pernah merasakan kuliah tatap muka. Sebelumnya, Mendikbud Nadiem Makarim sudah memperbolehkan daerah membuka kembali kegiatan belajar mengajar secara tatap muka. ""Yang diprioritaskan justru mahasiswa tingkat awal, karena mereka belum pernah masuk kampus. Ini kami prioritaskan,"" ungkap Ketua MRPTNI Jamal Wiwoho kepadaCNNIndonesia.commelalui sambungan telepon, Senin (23/11). Jamal mengatakan MRPTNI sudah mempersiapkan pembukaan kembali kuliah tatap muka di kampus sejak pertengahan November. MRPTNI pun sudah berkoordinasi dengan Kementerian Pendidikan dan Kebudayaan sejak kebijakan tersebut diumumkan Mendikbud Nadiem Makarim pekan lalu. Khususnya di Universitas Sebelas Maret, Surakarta, ia mengatakan kebijakan kuliah tatap muka nanti tidak akan bersifat wajib. Mahasiswa maupun orang tua/wali bisa memutuskan tidak datang ke kampus jika tidak berkenan. Jamal, yang juga Rektor UNS, menjelaskan keputusan tersebut diambil karena pertimbangan mobilisasi mahasiswa yang berasal dari berbagai daerah dan eskalasi kasus di sana. ""Karena UNS dihuni oleh seluruh pulau di Indonesia, bahkan dari luar negeri, sehingga kami harus hati-hati,"" katanya. Jamal mengatakan protokol kesehatan akan dipersiapkan dengan ketat di kampusnya. Mahasiswa yang diizinkan masuk hanya setengah dari kapasitas kelas dengan kewajiban memakai masker, jaga jarak dan cuci tangan. Sedangkan di Institut Pertanian Bogor, pembelajaran tatap muka akan diprioritaskan untuk mahasiswa tingkat akhir. Rektor IPB sekaligus Ketua Forum Rektor Indonesia Arif Satria hanya akan mengizinkan 25 persen mahasiswa belajar di kelas. ""Kita juga pikiran tentu identifikasi, prodi-prodi mana yang jadi prioritas. Juga kepada mahasiswa prioritas, yang tingkat akhir, yang perlu research, praktikum,"" jelasnya kepada CNNIndonesia.com melalui sambungan telepon. Dalam dua pekan, ia mengatakan IPB bakal melakukan kajian untuk memastikan kesiapan setiap prodi dan dosen mampu melakukan perkuliahan tatap muka. Pemeriksaan Covid-19 juga akan jadi salah satu syarat kuliah bisa dilakukan secara langsung. Arif juga menegaskan bahwa bukan hanya aktivitas di kampus yang perlu diwaspadai, tetapi juga mobilitas mahasiswa di tempat tinggalnya. ""Bagaimana harus menerapkan protokol kesehatan di tempat tinggal, di kos. Karena justru yang kami khawatirkan bukan di kampus, tapi di pemukiman dan kos-kosan. Ini yang harus kita antisipasi dengan protokol yang ketat,"" lanjut Arif. Direktur Jenderal Pendidikan Tinggi Kemendikbud Nizam mengatakan kebijakan pembelajaran di kampus serupa dengan pembukaan sekolah. Rektor yang ingin membuka kampus tinggal berkoordinasi dengan pemerintah daerah setempat. ""Kami [sudah] berkoordinasi dengan para pimpinan perguruan tinggi untuk membahas kesiapan dan persiapan perkuliahan semester depan sebelum kita keluarkan kebijakan untuk perkuliahan semester depan. Secara umum kebijakan di pendidikan tinggi akan mengacu pada SKB 4 Menteri,"" ungkapnya kepada CNNIndonesia.com. Sebelumnya, Mendikbud Nadiem Makarim memberikan pemerintah daerah kewenangan sepenuhnya untuk kembali melakukan pembelajaran tatap muka di instansi pendidikan di semua zona. Ia menegaskan bahwa pembelajaran tatap muka bukan kewajiban. Kampus atau sekolah yang mau melakukan pembelajaran tatap muka pun harus mendapat izin pemda dan orang tua terlebih dahulu.",https://www.cnnindonesia.com/nasional/20201123134855-20-573347/kampus-bakal-buka-mahasiswa-baru-prioritas-kuliah-tatap-muka
2020/11/02 21:00:07,LPDP Bidik Kelola Dana Abadi Pendidikan Rp100 T pada 2025,"Lembaga Pengelola Dana Pendidikan (LPDP)menargetkandana abadipendidikan bisa meningkat dari saat ini Rp51,12 triliun menjadi Rp100 triliun pada 2025 Direktur Utama LPDP Rionald Silaban mengungkapkan dana tersebut diharapkan dapat dikelola dengan maksimal untuk menjamin ketersedian berbagai macam layanan program pendidikan yang dapat digunakan antar generasi. ""Sampai saat ini kami laporkan bahwa LPDP berhasil memberikan beasiswa kepada 25.326 penerima beasiswa yang tersebar di berbagai negara untuk menempuh studi di berbagai bidang ilmu yang tentunya sangat diperlukan oleh Indonesia,"" ujar Rionald dalam Studium Generale yang digelar LPDP, Senin (2/11). Rionald melanjutkan sampai saat ini LPDP juga telah meluluskan 11.767 alumni penerima beasiswa yang siap mengabdi berkontribusi bagi Indonesia. Ke depannya, kata dia, program LPDP hanya akan diprioritaskan pada sektor yang dibutuhkan masyarakat dan mendukung terwujudnya nawacita. Sementara itu, Ronald melaporkan tahun ini terdapat 1.659 penerima beasiswa yang terdiri 784 pria dan 875 wanita. ""54 penerima beasiswa di antaranya akan melanjutkan studi jenjang doktor spesialis, 1.282 jenjang magister dan 323 akan melanjutkan jenjang doktoral,"" imbuhnya. Dalam kesempatan yang sama, Menteri Keuangan Sri Mulyani menyatakan anggaran pendidikan tetap menjadi prioritas pemerintah. Sebagaimana diamanatkan konstitusi, pemerintah tetap konsisten mengalokasikan 20 persen dari APBN meskipun ekonomi sedang tertekan akibat pandemi covid-19. ""Anggaran pendidikan harus 20 persen dari APBN, no matter what. Artinya mau kondisi APBN lagi kempes, lagi besar, ekonomi menghadapi covid-19 itu tidak boleh dikompromikan,"" tuturnya. Ia juga menegaskan komitmen tersebut sejalan dengan keinginan Indonesia untuk memperbaiki kualitas Sumber Daya Manusia (SDM) agar dapat bersaing seperti negara lain. Selanjutnya, Rionald memastikan pemberian LPDP terus diusahakan agar merata ke seluruh Indonesia. Tahun ini alokasi penerima beasiswa untuk wilayah Sumatera sebanyak 249 orang, Jawa 1.041 orang, Kalimantan 55 orang, Nusa Tenggara dan Bali 132 orang, Sulawesi 132 orang, Papua 30 orang, serta Maluku 28 orang. Lebih lanjut, pemerintah juga sedang mengalokasikan anggaran untuk penyandang disabilitas, Indonesia timur, hingga anak-anak dari keluarga pra sejahtera. ""Mulai dari pendidik usia dini kita harus berpihak kepada keluarga miskin, make sure for the next generation-nya tidak miskin. Harus dipotong itu tali kemiskinan antar generasi,"" tandas Sri Mulyani. [Gambas:Video CNN]",https://www.cnnindonesia.com/ekonomi/20201102200659-532-565087/lpdp-bidik-kelola-dana-abadi-pendidikan-rp100-t-pada-2025
2020/11/02 20:30:15,Sri Mulyani Cerita Alasan Pembentukan LPDP,"Menteri KeuanganSri Mulyanimenjelaskan asal mula ide pembentukandana abadipendidikan yang kini dikelola oleh Lembaga Pengelola Dana Pendidikan (LPDP). Menurutnya hal tersebut didasarkan pada dua alasan yakni pragmatis dan strategis. Alasan pragmatis dilatarbelakangi oleh alokasi dana pendidikan sebesar 20 persen dari APBN tak selalu habis terserap. Padahal, tiap tahun jumlahnya juga terus meningkat seiring dengan bertambahnya APBN. ""Maka semenjak tahun 2008-2009 ide saya untuk membuat dana abadi itu muncul, karena saya khawatir kalau setiap tahun harus dialokasikan dan harus habis, terus tiba-tiba kita nggak siap dengan program,"" ujar Sri Mulyani dalam Studium Generale yang digelar LPDP, Senin (2/11). Sementaram alasan strategis pembentukan LPDP, lanjutnya, didasarkan pada fakta minimnya banyak mahasiswa terbaik Indonesia yang dapat berkuliah di universitas terbaik di luar negeri. Bahkan, di kementeriannya sendiri, lulusan S3 dari luar negeri saat itu hanya berjumlah lima orang. ""Ngobrol sama menteri keuangan Malaysia-Mingapura, mereka dengan bangga cerita: saya kirim 100 orang Development School of Economics, terus saya balik ke Kementerian Keuangan saya tanya berapa S3 di tempat saya yang lulusan luar negeri, waktu itu tidak ada lima orang,"" ucapnya. Dalam kesempatan tersebut Sri Mulyani juga menyampaikan rasa bangganya lantaran mayoritas peserta LPDP berasal dari kalangan perempuan. Tahun ini terdapat 1.659 penerima beasiswa yang terdiri 784 pria dan 875 wanita. 54 penerima beasiswa di antaranya akan melanjutkan studi jenjang doktor spesialis, 1.282 jenjang magister dan 323 akan melanjutkan jenjang doktoral. [Gambas:Video CNN] LPDP sendiri sampai saat ini telah memberikan beasiswa 25.326 penerima beasiswa di berbagai negara untuk menempuh studi di berbagai bidang ilmu dan telah meluluskan 11.767 alumni penerima beasiswa yang siap berkontribusi di Indonesia. ""784 orang adalah laki-laki 875 perempuan, saya senang kelihatan sekali kalau perempuan itu dikasih kesempatan di tingkat yang paling tinggi itu porsinya lebih banyak perempuan,"" tandasnya.",https://www.cnnindonesia.com/ekonomi/20201102202300-532-565093/sri-mulyani-cerita-alasan-pembentukan-lpdp
2020/10/01 11:56:47,LPDP Buka Pendaftaran 2 Jenis Beasiswa 6 Oktober Mendatang,"Lembaga Pengelola DanaPendidikan(LPDP) kembali membukabeasiswamulai pada 6 Oktober 2020 mendatang. Pendaftaran beasiswa dibuka untuk dua jenis. Pertama, beasiswa pendidik. Beasiswa ini diberikan untuk pendidik. Beasiswa diberikan untuk jenjang magister yang diperuntukkan bagi guru tetap pada sekolah di bawah Kementerian Pendidikan dan Kebudayaan. Selain itu, beasiswa juga diberikan untuk jenjang doktoral yang diperuntukkan bagi dosen tetap pada perguruan tinggi di bawah Kementerian Pendidikan dan Kebudayaan dan Kementerian Agama. Beasiswa diberikan untuk meningkatkan dan mengembangkan kualitas guru dan dosen sesuai kebutuhan strategis Indonesia. Sementara itu, untuk beasiswa perguruan tinggi utama dunia diperuntukkan bagi warga negara Indonesia yang telah mendapatkan surat keterangan diterima atau Letter of Admission/Acceptance Unconditional dari perguruan tinggi peringkat utama dunia. ""Jangan ragu lagi untuk bergabung dalam keluarga besar penerima beasiswa LPDP, wujudkan SDM unggul demi kemajuan bangsa,"" demikian keterangan LPDP seperti dikutip dari Antara, Kamis (1/10). LPDP belum memberikan detail persyaratan, perguruan tinggi tujuan hingga tahapan seleksi dan ketentuan lainnya. Mereka menyatakan detail syarat akan disampaikan lebih lanjut bersamaan dengan dibukanya registrasi daring. Registrasi daring dilakukan melalui laman beasiswalpdp.kemenkeu.go.id mulai 6 Oktober 2020. [Gambas:Video CNN]",https://www.cnnindonesia.com/ekonomi/20201001114025-532-553118/lpdp-buka-pendaftaran-2-jenis-beasiswa-6-oktober-mendatang
2020/08/19 06:10:00,Kemenhan: Pendidikan Militer di Kampus Tidak Wajib,"Kementerian Pertahananmenjelaskan bahwa pendidikan militer bagi mahasiswa lewatProgram Bela Negaratidak bersifat wajib, melainkan sebatas pilihan.Mahasiswadibebaskan untuk memilih ikut atau tidak ikut program tersebut. ""Pilihan dan tidak wajib,"" kata Wakil Menteri Pertahanan Wahyu Sakti Trenggono  saat dikonfirmasiCNNIndonesia.commelalui pesan singkat, Selasa (18/8). Saat ini, kata Trenggono, Kementerian Pertahanan memang memiliki program Bela Negara yang akan disodorkan kepada masyarakat. Kemenhan juga menawarkan program itu untuk diterapkan di kampus-kampus agar bisa menjadi salah satu mata kuliah pilihan yang bisa diambil para pelajar. Kemenhan akan menggandeng Kementerian Pendidikan dan Kebudayaan (Kemendikbud) agar program tersebut bisa terealisasi dengan baik. ""Kita kan ada program Bela Negara, sementara Kemendikbud ada program merdeka belajar, nah kita menawarkan untuk mahasiswa atau mahasiswi yang berkeinginan untuk mengambil program pendidikan bela negara kita siapkan, begitu,"" kata Trenggono. Trenggono belum bisa memastikan kapan program pendidikan militer ini bisa diterapkan di kampus-kampus di Indonesia. Dia hanya mengatakan program itu saat ini telah masuk dalam proses pembicaraan. ""Intinya kan menyadarkan generasi milenial pentingnya Bela Negara gitu,"" kata dia. Sebelumnya, Kementerian Pertahanan akan menggandeng Pendidikan dan Kebudayaan (Kemendikbud) menerapkan pendidikan militer melalui Program Bela Negara kepada para mahasiswa. Trenggono ingin anak muda Indonesia tak hanya kreatif dan inovatif, tetapi juga memiliki rasa cinta terhadap bangsa dan negara. Menurut dia program Bela Negara ini terasa pas diterapkan di kampus-kampus untuk para mahasiswa. ""Nanti, dalam satu semester mereka bisa ikut pendidikan militer, nilainya dimasukkan ke dalam SKS yang diambil. Ini salah satu yang sedang kita diskusikan dengan Kemendikbud untuk dijalankan,"" kata Trenggono dalam keterangan resmi yang diterimaCNNIndonesia.com, Minggu (16/8). Program Bela Negara sendiri adalah salah satu program yang akan terus dijalankan oleh Kementerian Pertahanan. Program tersebut bertujuan menyadarkan masyarakat, khususnya anak muda agar bangga sebagai orang Indonesia. Selain Bela Negara, Trenggono menyatakan kalangan milenial bisa menunjukkan kecintaan terhadap negara dengan bergabung dalam Komponen Cadangan (Komcad). Program ini dipastikan telah sesuai dengan amanat Undang-undang (UU) Nomor 23 Tahun 2019 Tentang Pengelolaan Sumber Daya Nasional Untuk Pertahanan Negara. Trenggono memastikan Komcad bukan program wajib militer yang harus dilakukan oleh seluruh warga negara. Menurutnya, Komcad merupakan upaya negara untuk memfasilitasi pelatihan kepada masyarakat yang ingin membela negara jika terjadi perang. ""Difasilitasi dengan memberikan pelatihan selama beberapa bulan. Usai latihan dikembalikan ke masyarakat. Jika negara dalam keadaan perang, mereka siap bertempur,"" katanya.",https://www.cnnindonesia.com/nasional/20200818204031-20-537054/kemenhan-pendidikan-militer-di-kampus-tidak-wajib
2020/08/13 09:57:45,Cara Akses Pengumuman Hasil SBMPTN 2020,"Hasil Seleksi Bersama Masuk Perguruan Tinggi Negeri (SBMPTN) 2020 bakal diumumkan besok, 14 Agustus. Hasilnya bisa diakses melalui situs resmi pengumuman SBMPTN. ""Pengumuman hasil Seleksi Bersama Masuk Perguruan Tinggi Negeri 2020, Jumat 14 Agustus 2020 pukul 15.00 WIB,"" ujar Koordinator Bidang Humas Lembaga Tes Masuk Perguruan Tinggi (LTMPT) Anwar Effendi, Senin (10/8). Peserta juga bisa mengakses hasil SBMPTN melalui situs resmi perguruan tinggi negeri (PTN) lainnya. Terdapat 11 situs resmi yang bisa diakses tepat pukul 15.00 WIB. Berikut daftar situs pengumuman SBMPTN 2020: Pada waktu bersamaan, peserta dapat mulai mengunduh sertifikat Ujian Tes Berbasis Komputer (UTBK). Hasil UTBK ini bisa digunakan untuk mengikuti jalur mandiri di sejumlah PTN. Tahun ini, UTBK digelar dalam dua gelombang karena pandemi Covid-19. Gelombang pertama digelar 5-14 Juli dan gelombang kedua 20-29 Juli. Terdapat 713.230 peserta yang terdaftar sebagai peserta SBMPTN 2020. Mereka yang hadir dan mengikuti UTBK ada 662.409 peserta atau 92,89 persen dari keseluruhan pendaftar. Dari jumlah tersebut, sebanyak 1.923 peserta harus mengikuti UTBK pada jadwal khusus yang digelar 30 Juli, karena terkendala pada UTBK gelombang satu. Mayoritas terkendala aturan batas suhu atau reaktif pemeriksaanrapid test. SBMPTN sendiri merupakan salah satu jalur masuk PTN diluar Seleksi Nasional Masuk Perguruan Tinggi Negeri (SNMPTN) dan jalur mandiri. Seleksinya dilakukan dengan mengikuti UTBK.",https://www.cnnindonesia.com/nasional/20200813061922-20-535136/cara-akses-pengumuman-hasil-sbmptn-2020
